url,name,price
../media/cache/2c/da/2cdad67c44b002e7ead0cc35693c0e8b.jpg,A Light in the ...,£51.77
../media/cache/26/0c/260c6ae16bce31c8f8c95daddd9f4a1c.jpg,Tipping the Velvet,£53.74
../media/cache/3e/ef/3eef99c9d9adef34639f510662022830.jpg,Soumission,£50.10
../media/cache/32/51/3251cf3a3412f53f339e42cac2134093.jpg,Sharp Objects,£47.82
../media/cache/be/a5/bea5697f2534a2f86a3ef27b5a8c12a6.jpg,Sapiens: A Brief History ...,£54.23
../media/cache/68/33/68339b4c9bc034267e1da611ab3b34f8.jpg,The Requiem Red,£22.65
../media/cache/92/27/92274a95b7c251fea59a2b8a78275ab4.jpg,The Dirty Little Secrets ...,£33.34
../media/cache/3d/54/3d54940e57e662c4dd1f3ff00c78cc64.jpg,The Coming Woman: A ...,£17.93
../media/cache/66/88/66883b91f6804b2323c8369331cb7dd1.jpg,The Boys in the ...,£22.60
../media/cache/58/46/5846057e28022268153beff6d352b06c.jpg,The Black Maria,£52.15
../media/cache/be/f4/bef44da28c98f905a3ebec0b87be8530.jpg,Starving Hearts (Triangular Trade ...,£13.99
../media/cache/10/48/1048f63d3b5061cd2f424d20b3f9b666.jpg,Shakespeare's Sonnets,£20.66
../media/cache/5b/88/5b88c52633f53cacf162c15f4f823153.jpg,Set Me Free,£17.46
../media/cache/94/b1/94b1b8b244bce9677c2f29ccc890d4d2.jpg,Scott Pilgrim's Precious Little ...,£52.29
../media/cache/81/c4/81c4a973364e17d01f217e1188253d5e.jpg,Rip it Up and ...,£35.02
../media/cache/54/60/54607fe8945897cdcced0044103b10b6.jpg,Our Band Could Be ...,£57.25
../media/cache/55/33/553310a7162dfbc2c6d19a84da0df9e1.jpg,Olio,£23.88
../media/cache/09/a3/09a3aef48557576e1a85ba7efea8ecb7.jpg,Mesaerion: The Best Science ...,£37.59
../media/cache/0b/bc/0bbcd0a6f4bcd81ccb1049a52736406e.jpg,Libertarianism for Beginners,£51.33
../media/cache/27/a5/27a53d0bb95bdd88288eaf66c9230d7e.jpg,It's Only the Himalayas,£45.17
../media/cache/5d/72/5d72709c6a7a9584a4d1cf07648bfce1.jpg,In Her Wake,£12.84
../media/cache/5c/c8/5cc8e107246cb478960d4f0aba1e1c8e.jpg,How Music Works,£37.32
../media/cache/9f/59/9f59f01fa916a7bb8f0b28a4012179a4.jpg,Foolproof Preserving: A Guide ...,£30.52
../media/cache/9c/2e/9c2e0eb8866b8e3f3b768994fd3d1c1a.jpg,Chase Me (Paris Nights ...,£25.27
../media/cache/44/cc/44ccc99c8f82c33d4f9d2afa4ef25787.jpg,Black Dust,£34.53
../media/cache/af/6e/af6e796160fe63e0cf19d44395c7ddf2.jpg,Birdsong: A Story in ...,£54.64
../media/cache/ef/0b/ef0bed08de4e083dba5e20fdb98d9c36.jpg,America's Cradle of Quarterbacks: ...,£22.50
../media/cache/d6/da/d6da0371958068bbaf39ea9c174275cd.jpg,Aladdin and His Wonderful ...,£53.13
../media/cache/2e/98/2e98c332bf8563b584784971541c4445.jpg,Worlds Elsewhere: Journeys Around ...,£40.30
../media/cache/a5/41/a5416b9646aaa7287baa287ec2590270.jpg,Wall and Piece,£44.18
../media/cache/0f/7e/0f7ee69495c0df1d35723f012624a9f8.jpg,The Four Agreements: A ...,£17.66
../media/cache/38/c5/38c56fba316c07305643a8065269594e.jpg,The Five Love Languages: ...,£31.05
../media/cache/5d/7e/5d7ecde8e81513eba8a64c9fe000744b.jpg,The Elephant Tree,£23.82
../media/cache/cf/bb/cfbb5e62715c6d888fd07794c9bab5d6.jpg,The Bear and the ...,£36.89
../media/cache/65/71/6571919836ec51ed54f0050c31d8a0cd.jpg,Sophie's World,£15.94
../media/cache/12/53/1253c21c5ef3c6d075c5fa3f5fecee6a.jpg,Penny Maybe,£33.29
../media/cache/f5/88/f5889d038f5d8e949b494d147c2dcf54.jpg,Maude (1883-1993):She Grew Up ...,£18.02
../media/cache/23/85/238570a1c284e730dbc737a7e631ae2b.jpg,"In a Dark, Dark ...",£19.63
../media/cache/e1/5c/e15c289ba58cea38519e1281e859f0c1.jpg,Behind Closed Doors,£52.22
../media/cache/e9/20/e9203b733126c4a0832a1c7885dc27cf.jpg,You can't bury them ...,£33.63
../media/cache/72/41/72417db983862010ef0c1a25de98c7d7.jpg,Slow States of Collapse: ...,£57.31
../media/cache/cb/bd/cbbdb0222ee8a0f6ab61657412a15794.jpg,Reasons to Stay Alive,£26.41
../media/cache/9d/05/9d0533bae1578846d728a82913b95c26.jpg,Private Paris (Private #10),£47.61
../media/cache/9c/46/9c463c7631c82401160fd3b554b8f0e1.jpg,#HigherSelfie: Wake Up Your ...,£23.11
../media/cache/24/e2/24e2f5c9d325c4004d8190c054da86dd.jpg,Without Borders (Wanderlove #1),£45.07
../media/cache/08/04/08044269fc197645268a6197c57e6173.jpg,When We Collided,£31.77
../media/cache/5f/15/5f152afdbc42356ecba02f61058a7e5b.jpg,"We Love You, Charlie ...",£50.27
../media/cache/f9/3b/f93b4a650f03a5d21f2436d7813f42c2.jpg,Untitled Collection: Sabbath Poems ...,£14.27
../media/cache/41/a2/41a20f35adf0caea24f208dc01ad7681.jpg,Unseen City: The Majesty ...,£44.18
../media/cache/76/8e/768ea5924ac1ef6297c2be9959c796c2.jpg,Unicorn Tracks,£18.78
../media/cache/4a/3b/4a3b055f9e378a95fedbef55e7bab7ce.jpg,Unbound: How Eight Technologies ...,£25.52
../media/cache/36/df/36df4caaf1420b1183a8235355d39e69.jpg,Tsubasa: WoRLD CHRoNiCLE 2 ...,£16.28
../media/cache/03/86/038650c9e7517b4baf2a423cd8eed38f.jpg,Throwing Rocks at the ...,£31.12
../media/cache/c4/dd/c4ddd9ced89966b0602ec85e00cd5b61.jpg,This One Summer,£19.49
../media/cache/c4/0a/c40a64f59e7487b1a80a049f6ceb2ba5.jpg,Thirst,£17.27
../media/cache/33/e5/33e507172541628acfd421503196b578.jpg,The Torch Is Passed: ...,£19.09
../media/cache/c4/a2/c4a2a1a026c67bcceb5a411c724d7d0c.jpg,The Secret of Dreadwillow ...,£56.13
../media/cache/b7/f4/b7f4843dbe062d44be1ffcfa16b2faa4.jpg,The Pioneer Woman Cooks: ...,£56.41
../media/cache/89/b8/89b850edb01851a91f64ba114b96acb6.jpg,The Past Never Ends,£56.50
../media/cache/5d/7f/5d7f496cdf5e5962a73ecdcc1505c1d5.jpg,The Natural History of ...,£45.22
../media/cache/f4/79/f479de5f305c2ac0512702cf7155bb74.jpg,The Nameless City (The ...,£38.16
../media/cache/dc/44/dc44f8e2aebac48ca8553814d9b021a8.jpg,The Murder That Never ...,£54.11
../media/cache/d4/8d/d48d5122a15347e9fe2b15ad354d69bf.jpg,The Most Perfect Thing: ...,£42.96
../media/cache/f8/6d/f86d08178e3788563ac17be5aefd29f0.jpg,The Mindfulness and Acceptance ...,£23.89
../media/cache/95/64/95647d6a526bf54120b9445e124794e1.jpg,The Life-Changing Magic of ...,£16.77
../media/cache/75/dc/75dce2f5949b407161f37f0af249b018.jpg,The Inefficiency Assassin: Time ...,£20.59
../media/cache/64/15/641570cd7e7aded53c7d33d78a9629f1.jpg,The Gutsy Girl: Escapades ...,£37.13
../media/cache/2e/23/2e236e23ad52aa74505f224f6552eda8.jpg,The Electric Pencil: Drawings ...,£56.06
../media/cache/71/df/71df730cf38c232ee58a2e407135f055.jpg,The Death of Humanity: ...,£58.11
../media/cache/ee/3e/ee3e219d23e73ba71c79b700f183aaed.jpg,The Bulletproof Diet: Lose ...,£49.05
../media/cache/70/fa/70fa6c0437d9c97dbeada6bd32bf9d2c.jpg,The Art Forger,£40.76
../media/cache/2d/4e/2d4e358712e6c9f1d3bdd78d1a16e5a8.jpg,The Age of Genius: ...,£19.73
../media/cache/96/db/96db61bb53930c560fb4c1c62b583816.jpg,The Activist's Tao Te ...,£32.24
../media/cache/f3/4f/f34ffb24cc21c9f9f52dad4fd8f3ac21.jpg,Spark Joy: An Illustrated ...,£41.83
../media/cache/69/85/69852567cf97264a1442cbc882c84903.jpg,Soul Reader,£39.58
../media/cache/da/df/dadfac66a89774b46b10225362724c83.jpg,Security,£39.25
../media/cache/43/ae/43aee83ebb31e2122a7215e413770e5c.jpg,"Saga, Volume 6 (Saga ...",£25.02
../media/cache/e1/ea/e1ea6cb36e62ae6dc7b805f68ab9a700.jpg,"Saga, Volume 5 (Saga ...",£51.04
../media/cache/97/f8/97f8debeeaaece9603267653076e760f.jpg,Reskilling America: Learning to ...,£19.83
../media/cache/f3/ef/f3efd43ae0fa85d9b325d5e8783e7af5.jpg,"Rat Queens, Vol. 3: ...",£50.40
../media/cache/78/0b/780b2c28122750c2c383846155815bf7.jpg,"Princess Jellyfish 2-in-1 Omnibus, ...",£13.61
../media/cache/b7/e8/b7e84b78be3d9bb79b71156a5e5d4e42.jpg,Princess Between Worlds (Wide-Awake ...,£13.34
../media/cache/c8/2f/c82f629a31b3f47bdb17ac14aa51076d.jpg,"Pop Gun War, Volume ...",£18.97
../media/cache/64/44/6444dacdcb9edaadbbd691524622aeb8.jpg,"Political Suicide: Missteps, Peccadilloes, ...",£36.28
../media/cache/01/72/01726c619a05114dca75bd840095016d.jpg,Patience,£10.16
../media/cache/cb/00/cb004189f548d75ad430d3ed19e6daa9.jpg,"Outcast, Vol. 1: A ...",£15.44
../media/cache/03/88/03886a8502ca54dbce0d91c2568ab69d.jpg,orange: The Complete Collection ...,£48.41
../media/cache/ea/9b/ea9b2cb8abbb317402e618445bade1e1.jpg,Online Marketing for Busy ...,£46.35
../media/cache/a1/14/a114d70e7babf110ba42a389078e9a45.jpg,On a Midnight Clear,£14.07
../media/cache/fc/72/fc72f158554b4b4164701e1dfa1153c7.jpg,Obsidian (Lux #1),£14.86
../media/cache/f5/65/f565af3d9dd20a1ad72a1e7c4157387d.jpg,My Paris Kitchen: Recipes ...,£33.37
../media/cache/ff/e8/ffe81bf98f8386ef29e193abfb6f9c1e.jpg,Masks and Shadows,£56.40
../media/cache/10/c6/10c61093002db1fec4089d8076678624.jpg,Mama Tried: Traditional Italian ...,£14.02
../media/cache/d3/15/d3158e8d3546fb90cced3c1d44a92a34.jpg,"Lumberjanes, Vol. 2: Friendship ...",£46.91
../media/cache/7e/a0/7ea062007ef00107e3c16d336b41fab2.jpg,"Lumberjanes, Vol. 1: Beware ...",£45.61
../media/cache/5f/b1/5fb1bf88dcfda795606745ce35be5975.jpg,Lumberjanes Vol. 3: A ...,£19.92
../media/cache/98/d1/98d1c979c4bac9e147a6718946578b0f.jpg,"Layered: Baking, Building, and ...",£40.11
../media/cache/5f/52/5f52b1bc6d45daab2e330c744feb0359.jpg,Judo: Seven Steps to ...,£53.90
../media/cache/93/63/9363f0065fbad5689f44fcf6e203eef3.jpg,Join,£35.67
../media/cache/fe/ea/feeafd2ad7b3077f8e74cbb1da9e3c7d.jpg,In the Country We ...,£22.00
../media/cache/26/1c/261c4eaf957ae4aacf2229b482e76dbe.jpg,Immunity: How Elie Metchnikoff ...,£57.36
../media/cache/aa/74/aa74004807e97a79aa084b5db329a99b.jpg,"I Hate Fairyland, Vol. ...",£29.17
../media/cache/16/d4/16d443437126bf6d536a89312c1995a5.jpg,I am a Hero ...,£54.63
../media/cache/da/8b/da8bc9b824dd3f446ef63e438ddbfc85.jpg,How to Be Miserable: ...,£46.03
../media/cache/1e/bb/1ebbbc3e2d3249b111033cfc40763b0b.jpg,Her Backup Boyfriend (The ...,£33.97
../media/cache/90/6f/906f0168b0e155a7077625499b1737b5.jpg,"Giant Days, Vol. 2 ...",£22.11
../media/cache/d6/58/d658a1485b130ff26ca5fb0d5975ed2e.jpg,Forever and Forever: The ...,£29.69
../media/cache/c4/d1/c4d1517cc9370e292366b6132ca9ca36.jpg,First and First (Five ...,£15.97
../media/cache/cc/bd/ccbdae9e29b3594301528fa2c876ec29.jpg,Fifty Shades Darker (Fifty ...,£21.96
../media/cache/64/94/6494bf61176ca73b61255909230030be.jpg,Everydata: The Misinformation Hidden ...,£54.35
../media/cache/95/30/953013d044aa313cc162dec414f3969a.jpg,Don't Be a Jerk: ...,£37.97
../media/cache/78/97/7897eea91c4a85aca58d925861d4afec.jpg,Danganronpa Volume 1,£51.99
../media/cache/66/25/6625e3bbb050de3e42a0c302c0d69f1f.jpg,Crown of Midnight (Throne ...,£43.29
../media/cache/f6/88/f688a9d6a89fdf38e4e88439ee9eda69.jpg,"Codename Baboushka, Volume 1: ...",£36.72
../media/cache/dd/c9/ddc95df6754df8e71bf969c088056188.jpg,Camp Midnight,£17.08
../media/cache/88/9e/889e0bac4c7c0e7178f0165b8d3b4617.jpg,Call the Nurse: True ...,£29.14
../media/cache/26/95/269507c7bb35d2cec9b61a03d1c28e67.jpg,Burning,£28.81
../media/cache/27/d2/27d20361745ec2f7be668b18a4da29da.jpg,Bossypants,£49.46
../media/cache/e4/1d/e41d34204a1fffbf825d8beb3dbf4cbc.jpg,"Bitch Planet, Vol. 1: ...",£37.92
../media/cache/06/18/061811c5845d0e13bc04b2a755f0830f.jpg,Avatar: The Last Airbender: ...,£28.09
../media/cache/23/b4/23b42e094c02d52b14b11a960d49610e.jpg,Algorithms to Live By: ...,£30.81
../media/cache/78/2e/782e315667ec50759b8603527ee33dec.jpg,A World of Flavor: ...,£42.95
../media/cache/08/89/088995e862aac86c88c608d763f6390e.jpg,"A Piece of Sky, ...",£56.76
../media/cache/11/aa/11aaad48b5f15e262456ca65294084da.jpg,A Murder in Time,£16.64
../media/cache/82/96/8296f92b70fb1dafefecda92c1d51941.jpg,A Flight of Arrows ...,£55.53
../media/cache/12/f1/12f1963957f27fa83d51f76b183ef490.jpg,A Fierce and Subtle ...,£28.13
../media/cache/c0/88/c08816960890396213a423941af65b8f.jpg,A Court of Thorns ...,£52.37
../media/cache/cd/db/cddb3eb483ef11a088d519205b7098fb.jpg,(Un)Qualified: How God Uses ...,£54.00
../media/cache/6b/70/6b70f2cdb17d9ab7551240a88b9211fe.jpg,You Are What You ...,£21.87
../media/cache/02/37/0237b445efc18c5562355a5a2c40889c.jpg,William Shakespeare's Star Wars: ...,£43.30
../media/cache/6b/da/6bdae061cb92c32b0b83cda8dd10275d.jpg,Tuesday Nights in 1980,£21.04
../media/cache/06/a6/06a6cfcf89afd1601cbba1a16cda57fb.jpg,Tracing Numbers on a ...,£41.60
../media/cache/32/d6/32d6aa560e8ddf2a4da1526b95d4c7ab.jpg,Throne of Glass (Throne ...,£35.07
../media/cache/97/47/974709d437b08e74649b5744471bf472.jpg,Thomas Jefferson and the ...,£59.64
../media/cache/8a/83/8a83b6ce350f01bab21f85e6ba539316.jpg,Thirteen Reasons Why,£52.72
../media/cache/26/32/2632a1e12f2c085fabbe022ae4cd6933.jpg,The White Cat and ...,£58.08
../media/cache/28/99/28992d89f4abf54fba183fc8d074adf3.jpg,The Wedding Dress,£24.12
../media/cache/37/25/372578cc073efae80cf284b56040a488.jpg,The Vacationers,£42.15
../media/cache/d0/77/d077a30042df6b916bfc8d257345c69e.jpg,The Third Wave: An ...,£12.61
../media/cache/ea/04/ea0476a6f4c318ceccf5e2f2b39f2b15.jpg,The Stranger,£17.44
../media/cache/1f/62/1f621dda1b302fc16d83d94b0b5ac31c.jpg,The Shadow Hero (The ...,£33.14
../media/cache/4e/0f/4e0f05ae01d8fb6bd0d3901edd06de16.jpg,The Secret (The Secret ...,£27.37
../media/cache/f8/31/f8314c7fdaa79fb7191a583e9a852db8.jpg,The Regional Office Is ...,£51.36
../media/cache/34/f5/34f5f8e513c5f048241f5695e61b2483.jpg,The Psychopath Test: A ...,£36.00
../media/cache/10/6e/106e2fc7160712edf8e2ff996dc8cd6c.jpg,The Project,£10.65
../media/cache/03/38/0338682e76bad3216cd4c6c28b2b625a.jpg,The Power of Now: ...,£43.54
../media/cache/14/f3/14f3d525e2a114cd71e27201a16af188.jpg,The Omnivore's Dilemma: A ...,£38.21
../media/cache/61/bd/61bdfe3950643c47d70c37c4123530f3.jpg,The Nerdy Nummies Cookbook: ...,£37.34
../media/cache/29/fe/29fe70b1b2e5a9ba61d4bd331255e19e.jpg,The Murder of Roger ...,£44.10
../media/cache/a5/43/a543b100a8c1861c1bf5374ca6b576fe.jpg,The Mistake (Off-Campus #2),£43.29
../media/cache/84/ac/84acb0606c96e55dc729a9d6572a08fb.jpg,The Matchmaker's Playbook (Wingmen ...,£55.85
../media/cache/0d/1f/0d1f3f934460f5a50aaa8c366641234c.jpg,The Love and Lemons ...,£37.60
../media/cache/f2/e5/f2e51dd2b26600459f8eaeb6b9eecaa7.jpg,The Long Shadow of ...,£10.97
../media/cache/58/9d/589d73503d9a23d224de836134fae553.jpg,The Kite Runner,£41.82
../media/cache/0d/cb/0dcb33d60b0e79adf8ab9842e697ea2e.jpg,The House by the ...,£36.95
../media/cache/3e/0b/3e0b16851bec08b6cbf78d5f64af9114.jpg,The Glittering Court (The ...,£44.28
../media/cache/25/6c/256c946dd0962095f66c6de3b15ab300.jpg,The Girl on the ...,£55.02
../media/cache/13/57/1357c6aa40c9e63d2f931927fbf81f3f.jpg,The Genius of Birds,£17.24
../media/cache/81/58/81586cd0bf8743e1f5ed80b6a0e1fabe.jpg,The Emerald Mystery,£23.15
../media/cache/54/89/54899b4584e941ceced511d81092c88a.jpg,The Cookies & Cups ...,£41.25
../media/cache/fe/b7/feb764b2afa54991cfdbbffdf501b333.jpg,The Bridge to Consciousness: ...,£32.00
../media/cache/0e/6d/0e6dc2484322c5b9e7854ced66fdf62d.jpg,The Artist's Way: A ...,£38.49
../media/cache/6d/71/6d71e36c8b1b9c885e1bb6c72cd8bcf8.jpg,The Art of War,£33.34
../media/cache/0a/15/0a1567cd04a6582d333db71337b4e2a6.jpg,The Argonauts,£10.93
../media/cache/82/93/82939ca78da0b724f16ec814849514fd.jpg,The 10% Entrepreneur: Live ...,£27.55
../media/cache/e9/f4/e9f4bc8cf5ffaea1504623c936e90a48.jpg,Suddenly in Love (Lake ...,£55.99
../media/cache/59/10/5910fbd8a95e8e9de9c660b71e0694e2.jpg,Something More Than This,£16.24
../media/cache/f0/06/f0060c756556b855184fa32f66280961.jpg,Soft Apocalypse,£26.12
../media/cache/6e/d4/6ed4991d97f60db29ec7b421e61a2cf3.jpg,So You've Been Publicly ...,£12.23
../media/cache/19/aa/19aa1184a3565b1dae6092146018e109.jpg,Shoe Dog: A Memoir ...,£23.99
../media/cache/ae/0c/ae0ccc307568b6d7699786411f3cbcc4.jpg,"Shobu Samurai, Project Aryoku ...",£29.06
../media/cache/84/7c/847c06b541e2a3b2228b96d97a5fe7a6.jpg,Secrets and Lace (Fatal ...,£20.27
../media/cache/0f/d3/0fd306891f8fd3196653022fd67d6c87.jpg,Scarlett Epstein Hates It ...,£43.55
../media/cache/12/f8/12f8002e5aab6d783e29b31aad36b5ba.jpg,Romero and Juliet: A ...,£36.94
../media/cache/21/21/2121ba78e26194d92c334fde3850f840.jpg,Redeeming Love,£20.47
../media/cache/5a/89/5a89e2dd7866dda6660fe508bc4b5249.jpg,Poses for Artists Volume ...,£41.06
../media/cache/38/64/386468a8c3e6b880664bf7885bf6f726.jpg,Poems That Make Grown ...,£14.19
../media/cache/18/08/18086e581ad354aa65f945c2b5c51350.jpg,"Nightingale, Sing",£38.28
../media/cache/25/54/2554431c797ec725eea50b3f8a83758c.jpg,Night Sky with Exit ...,£41.05
../media/cache/0e/fe/0efe86960cdff718aed01a5c3f65b1c3.jpg,Mrs. Houdini,£30.25
../media/cache/28/78/2878538a1039d9c4649110499a1393fb.jpg,Modern Romance,£28.26
../media/cache/01/26/01264865c12ed6d987d6f0858cd1d0ba.jpg,Miss Peregrine’s Home for ...,£10.76
../media/cache/6f/d9/6fd92e5143cbd5bb8bcf034e5f007dde.jpg,Louisa: The Extraordinary Life ...,£16.85
../media/cache/80/25/8025b80a40178f2a6dd4f99ad88e0fba.jpg,Little Red,£13.47
../media/cache/f8/54/f85417465a73e33604624205ba8306cc.jpg,Library of Souls (Miss ...,£48.56
../media/cache/bd/e9/bde95ab9f776c911a7aa759cad60bb41.jpg,Large Print Heart of ...,£19.15
../media/cache/5f/72/5f72c8a0d5a7292e2929a354ec8a022f.jpg,I Had a Nice ...,£57.36
../media/cache/e2/60/e260b008b7ea7970562295b7bc64b0cb.jpg,Hollow City (Miss Peregrine’s ...,£42.98
../media/cache/d6/1b/d61b12ef0e69d49e2645537dd6a8472a.jpg,Grumbles,£22.16
../media/cache/57/77/57770cac1628f4407636635f4b85e88c.jpg,Full Moon over Noah’s ...,£49.43
../media/cache/71/76/7176317f1915fa0658bb2fe400441207.jpg,Frostbite (Vampire Academy #2),£29.99
../media/cache/a7/4b/a74b35375ce874153fd352e33bc7bac9.jpg,Follow You Home,£21.36
../media/cache/f1/73/f1731459b1e2f4becf2c52b8f30b8cd7.jpg,First Steps for New ...,£29.00
../media/cache/6a/81/6a81103b1c01a3f6c56e5718a838a4c8.jpg,Finders Keepers (Bill Hodges ...,£53.53
../media/cache/51/8c/518c184a793b751b43045637c8002eb7.jpg,"Fables, Vol. 1: Legends ...",£41.62
../media/cache/96/17/96173470df6fc6fef4d0008e957653ce.jpg,Eureka Trivia 6.0,£54.59
../media/cache/8a/49/8a490347afdc10abe7c2099e466de32f.jpg,Drive: The Surprising Truth ...,£34.95
../media/cache/08/4d/084da0199a717cb6c1eda30f98d0ea4c.jpg,Done Rubbed Out (Reightman ...,£37.72
../media/cache/e9/25/e9250495a525eb203652ad9da85ccb8e.jpg,Doing It Over (Most ...,£35.61
../media/cache/20/f2/20f28657b49f8cb24ed2ec6448bb6df3.jpg,Deliciously Ella Every Day: ...,£42.16
../media/cache/6e/4e/6e4e8f4f4abd94356a9be840e4681e65.jpg,Dark Notes,£19.19
../media/cache/55/ce/55ced903becc59121d6edb47a4dcfb56.jpg,Daring Greatly: How the ...,£19.43
../media/cache/fa/f6/faf6d69a42f477e1da80a71f05a4dc25.jpg,Close to You,£49.46
../media/cache/b7/6a/b76a73640d26b09c4a6f373b09050bed.jpg,Chasing Heaven: What Dying ...,£37.80
../media/cache/62/ad/62ad9b4077416ddc0c4908062bca0e5e.jpg,Big Magic: Creative Living ...,£30.80
../media/cache/ff/69/ff69c96b05affa03f647287e46210bf9.jpg,Becoming Wise: An Inquiry ...,£27.43
../media/cache/51/6f/516f605a957a1f5592b81f4e06c491bb.jpg,Beauty Restored (Riley Family ...,£11.11
../media/cache/78/a7/78a7f184a4d6d62412861c68f1c3ad90.jpg,Batman: The Long Halloween ...,£36.50
../media/cache/be/a9/bea95dbd7b2a843519c9a1dcfc433f9b.jpg,Batman: The Dark Knight ...,£15.38
../media/cache/fa/18/fa18c44fba20b8191f6a88e2e28092fd.jpg,Ayumi's Violin,£15.48
../media/cache/fb/75/fb75a0ce3e0b01fa3852806c6d1f1af6.jpg,Anonymous,£46.82
../media/cache/00/53/0053efa8515b8e2ad9b029c298766e9f.jpg,Amy Meets the Saints ...,£18.46
../media/cache/52/46/524655fade1d9fe1475395a3eaff827a.jpg,Amid the Chaos,£36.58
../media/cache/8f/92/8f92c3b5dc8f5c1a23324bda7477b19c.jpg,Amatus,£50.54
../media/cache/9f/fc/9ffc43826233092d2acb4414f86627eb.jpg,Agnostic: A Spirited Manifesto,£12.51
../media/cache/3d/60/3d6003fc37b842a07c2dbe28e47448e1.jpg,Zealot: The Life and ...,£24.70
../media/cache/d6/97/d697268540fa982f4dce39f61ed3a342.jpg,You (You #1),£43.61
../media/cache/19/39/19396172462f4cc0504d4e6e8b0e1647.jpg,"Wonder Woman: Earth One, ...",£37.34
../media/cache/bb/72/bb723ad463531c602ad8bcb244253bf3.jpg,Wild Swans,£14.36
../media/cache/db/1b/db1babd3c09b84da800b0e9897fe0097.jpg,Why the Right Went ...,£52.65
../media/cache/ba/36/ba368dfb2b6ae9979ff59d049c626167.jpg,Whole Lotta Creativity Going ...,£38.20
../media/cache/43/b7/43b70859e93901b019791cef86539ffc.jpg,What's It Like in ...,£19.60
../media/cache/66/d6/66d6d2b4c0acfa8f40ad0285186ed2d8.jpg,"We Are Robin, Vol. ...",£53.90
../media/cache/28/50/2850439c2ba103fb69dba9cd2dd9f0c2.jpg,Walt Disney's Alice in ...,£12.96
../media/cache/cc/8f/cc8fb914bfee31a7903a5cabaae64796.jpg,V for Vendetta (V ...,£37.10
../media/cache/19/cf/19cf50aea5bf0e8f4bc016f3745b3dfe.jpg,Until Friday Night (The ...,£46.31
../media/cache/74/cd/74cd3f345b50452c3be6631669f13aa8.jpg,Unbroken: A World War ...,£45.95
../media/cache/2b/38/2b380f77723c797c0389f978afa6db58.jpg,Twenty Yawns,£22.08
../media/cache/4c/af/4caf8f2a5ee8828d408cc8faadd3419c.jpg,Through the Woods,£25.38
../media/cache/18/0b/180bfe1902cb3c0eb77d7c712efa2a96.jpg,This Is Where It ...,£27.12
../media/cache/bf/e5/bfe526c22c7c08235c27a6474ebb4db9.jpg,The Year of Magical ...,£43.04
../media/cache/02/2e/022e8b81ba1405991401bb46d6330c73.jpg,The Wright Brothers,£56.80
../media/cache/72/d8/72d861617b6d3aababe6e61e8d3c1056.jpg,The White Queen (The ...,£25.91
../media/cache/7e/67/7e67addd80caaf8a9f9e9daa9cf66bb2.jpg,The Wedding Pact (The ...,£32.61
../media/cache/8f/f8/8ff8680dde59ea739d6978a01e4d7fe5.jpg,The Time Keeper,£27.88
../media/cache/83/05/8305154438c91a02cefacf4ec8b53393.jpg,The Testament of Mary,£52.67
../media/cache/53/5e/535e2be0b423797c2cdc7d98882c820a.jpg,The Star-Touched Queen,£46.02
../media/cache/6c/a3/6ca34db7c01e554ad17bd3be74b561e3.jpg,The Songs of the ...,£44.48
../media/cache/66/f7/66f79b76d6c6b64fcc8110515c454e09.jpg,The Song of Achilles,£37.40
../media/cache/f0/db/f0db1cf76d45f0522d4c8c3c39aa0dd8.jpg,The Rosie Project (Don ...,£54.04
../media/cache/52/df/52dfc44f48cf29e7a9e305bcb63e1899.jpg,The Power of Habit: ...,£16.88
../media/cache/0f/c2/0fc21ec3489cb23116778ee84f425eca.jpg,The Marriage of Opposites,£28.08
../media/cache/a6/c8/a6c8256b123493472591c5855c7de704.jpg,The Lucifer Effect: Understanding ...,£10.40
../media/cache/46/bd/46bdee520b8136972262fd040533772d.jpg,The Long Haul (Diary ...,£44.07
../media/cache/6d/10/6d10387a0175701d4ff456a0c7eee67b.jpg,The Loney,£23.40
../media/cache/9e/ea/9eea51ac4a15d18aa976be459da30c47.jpg,The Literature Book (Big ...,£17.43
../media/cache/37/f1/37f118b4a56d866e1e8b563759d6966c.jpg,The Last Mile (Amos ...,£54.21
../media/cache/94/ac/94ac87da7b40853013093f08356efa3b.jpg,The Immortal Life of ...,£40.67
../media/cache/b4/67/b467a4f01ca6ae8464b9425a156c7c32.jpg,The Hidden Oracle (The ...,£52.26
../media/cache/c4/dc/c4dcec6f513eaca3f0f3c748d834c46d.jpg,The Help Yourself Cookbook ...,£28.77
../media/cache/76/de/76deee06ffe45e646c0113af01f4f401.jpg,The Guilty (Will Robie ...,£13.82
../media/cache/38/34/3834572e651cdc14b18d348fa4875aa9.jpg,The First Hostage (J.B. ...,£25.85
../media/cache/8f/3f/8f3f4d67e30a8129577ccc4664998345.jpg,The Dovekeepers,£48.78
../media/cache/1d/3c/1d3c05b772ab846c111970232360d2c5.jpg,The Darkest Lie,£35.35
../media/cache/9a/33/9a333c4a06ce187c5c9d2f5969ddcac2.jpg,The Bane Chronicles (The ...,£44.73
../media/cache/88/90/8890073a9c9e3bb696f6baa84fb4dd95.jpg,The Bad-Ass Librarians of ...,£15.77
../media/cache/d9/1a/d91aae72af6c1cb2c63163acabe7895c.jpg,The 14th Colony (Cotton ...,£39.24
../media/cache/44/9e/449ed681142bc336646abee754e96639.jpg,That Darkness (Gardiner and ...,£13.92
../media/cache/3c/91/3c91d97266bd6dda322089695fb46daf.jpg,Tastes Like Fear (DI ...,£10.69
../media/cache/d8/a4/d8a44eda7cbe7bd1207f868e9adc06f3.jpg,Take Me with You,£45.21
../media/cache/10/28/1028b2cf417e49dc1c14609e437a98e0.jpg,Swell: A Year of ...,£45.58
../media/cache/7e/c0/7ec0e9ca6153a23b2024b7df7407ee84.jpg,Superman Vol. 1: Before ...,£11.89
../media/cache/8e/c7/8ec7f310b74ddd7ec3c859e9b0da7389.jpg,Still Life with Bread ...,£26.41
../media/cache/86/31/86313c225719ac946894d780c4ff0839.jpg,Steve Jobs,£39.50
../media/cache/68/ca/68caaf9ac41964d5167a3eb67c638393.jpg,Sorting the Beef from ...,£44.74
../media/cache/e3/d0/e3d05227f3fc24f0e0c84ccebe108fb0.jpg,Someone Like You (The ...,£52.79
../media/cache/b2/48/b2484d13793ff1c4271a3d4023d4d24e.jpg,"So Cute It Hurts!!, ...",£35.43
../media/cache/03/16/0316bb6f4785ac69c0643109201bad5d.jpg,Shtum,£55.84
../media/cache/9a/7e/9a7e63f12829df4b43b31d110bf3dc2e.jpg,See America: A Celebration ...,£48.87
../media/cache/3f/41/3f4160ada0b16e3c64cd2d0dffe781c8.jpg,salt.,£46.78
../media/cache/45/1d/451d3543022242b8b245793e6b5c26bb.jpg,Robin War,£47.82
../media/cache/da/78/da78757466c3b0a2c89f0ddf6b5e642f.jpg,"Red Hood/Arsenal, Vol. 1: ...",£25.48
../media/cache/bb/e2/bbe26db72b8a32117bfe4981b7cc8147.jpg,Rain Fish,£23.57
../media/cache/c8/f2/c8f297fab080ddd02b3ed5c17b83af85.jpg,Quarter Life Poetry: Poems ...,£50.89
../media/cache/7a/72/7a72465b21dbf998323e37b31f9a3f4a.jpg,Pet Sematary,£10.56
../media/cache/9c/da/9cda4893c7fce0c1c8eaa34fb092aa04.jpg,"Overload: How to Unplug, ...",£52.15
../media/cache/97/12/971212afa8e4ff49d92f678bc889d8b7.jpg,Once Was a Time,£18.28
../media/cache/df/5d/df5d172abe87deda6d533e3e908d27d8.jpg,Old School (Diary of ...,£11.83
../media/cache/b5/6f/b56ff04effb66fe701a22abd4a7f1667.jpg,No Dream Is Too ...,£21.95
../media/cache/c8/22/c822360ce0f91c40f7a0491c22287646.jpg,"Naruto (3-in-1 Edition), Vol. ...",£38.39
../media/cache/ca/b1/cab150e556b5fab663a9fec00ed97943.jpg,My Name Is Lucy ...,£41.56
../media/cache/e0/79/e07906c1e507055da9a2260a74f58273.jpg,My Mrs. Brown,£24.48
../media/cache/46/6e/466e9636819aad1126ac6cefb5313ba8.jpg,My Kind of Crazy,£40.36
../media/cache/a7/f0/a7f092a7b79f848df0226f808fed489b.jpg,Mr. Mercedes (Bill Hodges ...,£28.90
../media/cache/3f/e7/3fe7073a5caac81929524d2d9488f928.jpg,More Than Music (Chasing ...,£37.61
../media/cache/e2/2e/e22e4a82d97f9f0689d5295a98f5dcff.jpg,Made to Stick: Why ...,£38.85
../media/cache/85/e7/85e75d5a9309da5807c82decf3d90263.jpg,Luis Paints the World,£53.95
../media/cache/81/c0/81c0a1ce03db82568e2496db945a8227.jpg,Luckiest Girl Alive,£49.83
../media/cache/b2/97/b2978e96069dd91785e5ab0bc99c022e.jpg,Lowriders to the Center ...,£51.51
../media/cache/a2/6d/a26d8449abb3381e09126eda5f4e8151.jpg,Love Is a Mix ...,£18.03
../media/cache/61/1e/611e1804ad968e309a5f788d4ebc1cb4.jpg,Looking for Lovely: Collecting ...,£29.14
../media/cache/e9/5e/e95e82f09681709bb0f927341dda274e.jpg,Living Leadership by Insight: ...,£46.91
../media/cache/51/fc/51fcd3e9384894e6a53a753d2ab856ee.jpg,Let It Out: A ...,£26.79
../media/cache/89/a6/89a61d48e93bc92537c0a2cb2c0094bb.jpg,Lady Midnight (The Dark ...,£16.28
../media/cache/fe/67/fe67c381d6a0c4c00a7c191d16939554.jpg,"It's All Easy: Healthy, ...",£19.55
../media/cache/75/b9/75b99691594fde72ccb1831624cfeff6.jpg,Island of Dragons (Unwanteds ...,£29.65
../media/cache/ea/7b/ea7bcac4b27a5bf6d4f8125bb7af3361.jpg,I Know What I'm ...,£25.98
../media/cache/ed/07/ed07c9e7c53d4f33a6eb7d41eb0e6d4a.jpg,I Am Pilgrim (Pilgrim ...,£10.60
../media/cache/b5/a9/b5a90d1c36a96513942f006345ace3d2.jpg,Hyperbole and a Half: ...,£14.75
../media/cache/2a/b9/2ab91479fe480e964f319fa8ac6991b2.jpg,"Hush, Hush (Hush, Hush ...",£47.02
../media/cache/0b/89/0b89c3b317d0f89da48356a0b5959c1e.jpg,Hold Your Breath (Search ...,£28.82
../media/cache/34/ef/34ef0844cb1fbca6ab73444087fcf0e6.jpg,Hamilton: The Revolution,£58.79
../media/cache/36/cf/36cf56c7bdf35aadbcc6f05a8e8d8fcb.jpg,Greek Mythic History,£10.23
../media/cache/1f/db/1fdb125bcb8cee71f3404b4dc293348c.jpg,God: The Most Unpleasant ...,£30.03
../media/cache/96/41/964194a317f8ce5ed031bf4c9ceb43ab.jpg,Glory over Everything: Beyond ...,£45.84
../media/cache/f2/ee/f2ee668cf593ff13a9560c2801e9c2a2.jpg,Feathers: Displays of Brilliant ...,£49.05
../media/cache/11/e2/11e227bdb5fe8b43dcc2366a157a47c2.jpg,Far & Away: Places ...,£15.06
../media/cache/92/e7/92e7f0a8ca38964fea93e911aefbf6c9.jpg,Every Last Word,£46.47
../media/cache/26/3b/263bf5d128bf18553ea8da8bb19e9a0c.jpg,Eligible (The Austen Project ...,£27.09
../media/cache/34/eb/34eb0f1b570d4f1f6ad106652f1ac6ff.jpg,El Deafo,£57.62
../media/cache/8c/01/8c011092f05791961d25ec3cfcf0a832.jpg,Eight Hundred Grapes,£14.39
../media/cache/b1/e1/b1e15eef42c0d71596f9f9ad4e9f48b0.jpg,Eaternity: More than 150 ...,£51.75
../media/cache/62/3f/623f8e7f7432ce744f4318aae8166ce4.jpg,"Eat Fat, Get Thin",£54.07
../media/cache/b2/df/b2df2ea409c5cf28538b67aff424b11f.jpg,Don't Get Caught,£55.35
../media/cache/55/bf/55bfc858c1cb19867e41415532ae43c6.jpg,Doctor Sleep (The Shining ...,£40.12
../media/cache/8f/80/8f8074d9f035c2a0ef8595ad89f7bcc8.jpg,Demigods & Magicians: Percy ...,£37.51
../media/cache/78/87/78873811f8c1d75a0c26d8cc8e6a9dbc.jpg,Dear Mr. Knightley,£11.21
../media/cache/44/ff/44ff81a2ea37d3946605e205ddd538eb.jpg,Daily Fantasy Sports,£36.58
../media/cache/03/f1/03f1e337afadba35687672b5625a9757.jpg,Crazy Love: Overwhelmed by ...,£47.72
../media/cache/55/11/5511a4296fbd484dcaa89c8a2d25965d.jpg,Cometh the Hour (The ...,£25.01
../media/cache/f5/58/f55886d1bf600529a35e1bd932c78ca0.jpg,Code Name Verity (Code ...,£22.13
../media/cache/ff/0e/ff0ee0002f510112b6d7a88f53366e1d.jpg,Clockwork Angel (The Infernal ...,£44.14
../media/cache/00/08/0008e65aa431ed3625ad3a4352f8e90d.jpg,City of Glass (The ...,£56.02
../media/cache/c9/40/c940b6c329ecc39aaed2ab0140592a4b.jpg,City of Fallen Angels ...,£11.23
../media/cache/96/af/96af4aaf25ab49b057c10b5b7eb7652c.jpg,City of Bones (The ...,£43.28
../media/cache/68/da/68dab382d535305ca6025be9921df0d1.jpg,City of Ashes (The ...,£47.27
../media/cache/0b/97/0b97282ed82b771ed328e05386a84adb.jpg,Cell,£20.29
../media/cache/ad/ac/adac97366586d261feab30bf5220756e.jpg,Catching Jordan (Hundred Oaks),£50.83
../media/cache/dd/f5/ddf5da673bb34a74a81faf7271c7ca13.jpg,"Carry On, Warrior: Thoughts ...",£31.85
../media/cache/c5/6f/c56f37eb53888765eb55f86fb7381c2f.jpg,Carrie,£46.23
../media/cache/f2/fa/f2faa289117546efa0b4068a07778ab0.jpg,Buying In: The Secret ...,£37.80
../media/cache/88/aa/88aad1204951e0900906173b086e6695.jpg,Brain on Fire: My ...,£49.32
../media/cache/f1/fe/f1fecf0ce9b5771e4d2c9619e8550988.jpg,Batman: Europa,£32.01
../media/cache/b8/38/b838b65e0e1ac3a9b498dfb1bf004420.jpg,Barefoot Contessa Back to ...,£28.01
../media/cache/74/aa/74aa29b1ba4147eaf5b46671bf235861.jpg,Barefoot Contessa at Home: ...,£50.62
../media/cache/6e/23/6e2324cae6335e8e98c8b46597afc9a3.jpg,Balloon Animals,£17.03
../media/cache/0b/b4/0bb4c64f1522c033368df5567a349472.jpg,Art Ops Vol. 1,£48.80
../media/cache/61/1a/611aba0ef5b859ba1977ef30677b0194.jpg,Aristotle and Dante Discover ...,£58.14
../media/cache/50/0e/500eeb810e940424827580574e46852c.jpg,Angels Walking (Angels Walking ...,£34.20
../media/cache/b4/2a/b42a187c37de904f776070c57f51c756.jpg,Angels & Demons (Robert ...,£51.48
../media/cache/41/c3/41c37f7f0e03ee1144dd6fa89483b5d9.jpg,All the Light We ...,£29.87
../media/cache/a2/b9/a2b974e5a66e7502c77d2e4632abe033.jpg,Adulthood Is a Myth: ...,£10.90
../media/cache/e7/70/e77019ebd71bcf6badb085bddf47c413.jpg,Abstract City,£56.37
../media/cache/e8/c0/e8c0ba15066bab950ae161fd60949b9a.jpg,A Time of Torment ...,£48.35
../media/cache/8f/a4/8fa41d6caa10e427356b8a590eb4d96b.jpg,A Study in Scarlet ...,£16.73
../media/cache/9b/20/9b2076ce7414103a093ce2459d089969.jpg,A Series of Catastrophes ...,£56.48
../media/cache/75/20/75200336c141156746000f7055df344a.jpg,A People's History of ...,£40.79
../media/cache/9c/f1/9cf1f4a47b8d08909fc092e6ae598d83.jpg,A Man Called Ove,£39.72
../media/cache/41/d5/41d5fa6a81cdbcbe6b0b15757a4c9144.jpg,A Distant Mirror: The ...,£14.58
../media/cache/4d/16/4d163d43cb4aa624e599330a39abace5.jpg,A Brush of Wings ...,£55.51
../media/cache/88/75/8875f384ce9103281b7f6e86a2b8204d.jpg,1491: New Revelations of ...,£21.80
../media/cache/83/35/8335b71599b5a257a56cfabdd79080a4.jpg,"The Three Searches, Meaning, ...",£13.33
../media/cache/3b/04/3b045fe0394dc192950a0ec9e3812fe4.jpg,Searching for Meaning in ...,£38.73
../media/cache/55/33/5533595a623c3bb947c4a5171fc2df08.jpg,Rook,£37.86
../media/cache/76/a1/76a1516c8d9c3e620626f30840013a85.jpg,My Kitchen Year: 136 ...,£11.53
../media/cache/15/f7/15f78e0b04feb9b94e88865803cb5e9e.jpg,13 Hours: The Inside ...,£27.06
../media/cache/16/e3/16e3ca741956485119251e7442a67e2e.jpg,Will You Won't You ...,£13.86
../media/cache/56/97/5697f2f8f628129df01c5790985ffd9b.jpg,Tipping Point for Planet ...,£37.55
../media/cache/d3/0d/d30dd8b6be6f9fcfd17178e8083238b6.jpg,The Star-Touched Queen,£32.30
../media/cache/30/2c/302cd9c84442e139145ec0993880d7e0.jpg,The Silent Sister (Riley ...,£46.29
../media/cache/97/3a/973a2c3462a18fc90d3b9662d959df37.jpg,The Midnight Watch: A ...,£26.20
../media/cache/5c/5e/5c5e527fea6b17199773bb175b515aee.jpg,The Lonely City: Adventures ...,£33.26
../media/cache/9f/25/9f255826f354776dda9afbd5576a7add.jpg,The Gray Rhino: How ...,£59.15
../media/cache/dc/4d/dc4d070e33813a07a4e02f069e6d482f.jpg,The Golden Condom: And ...,£39.43
../media/cache/87/cd/87cd652c35e2a78535c83becae33cff2.jpg,The Epidemic (The Program ...,£14.44
../media/cache/ba/76/ba761d23c5c0e5a0638e04739c69c5d0.jpg,The Dinner Party,£56.54
../media/cache/83/d5/83d5526864a108d27fd4b03dd31ec18b.jpg,The Diary of a ...,£59.90
../media/cache/d8/03/d803ab341d3020a3bb280d6135e4ae65.jpg,The Children,£11.88
../media/cache/fd/5b/fd5b14399052ab552e240ed18ab03c6d.jpg,Stars Above (The Lunar ...,£48.05
../media/cache/2a/f3/2af39796852729270fb23e05a662a42c.jpg,Snatched: How A Drug ...,£21.21
../media/cache/a2/da/a2da8957b9cb8265d7f1dfeb0651f1c7.jpg,Raspberry Pi Electronics Projects ...,£49.67
../media/cache/2d/fd/2dfdc52bcdbd82dee50372bc46c83e15.jpg,Quench Your Own Thirst: ...,£43.14
../media/cache/02/5c/025c30a378e2a4190e84f1429e81b803.jpg,Psycho: Sanitarium (Psycho #1.5),£36.97
../media/cache/23/52/2352718971d5e166fa9541a5a7d716fa.jpg,Poisonous (Max Revere Novels ...,£26.80
../media/cache/b8/29/b829181ae95c8f020c1ad3273192de30.jpg,One with You (Crossfire ...,£15.71
../media/cache/70/3e/703e053877204a396ec6e7beac863118.jpg,No Love Allowed (Dodge ...,£54.65
../media/cache/c3/8d/c38d65cd155b67ca025f0655bd1bb095.jpg,Murder at the 42nd ...,£54.36
../media/cache/8b/bc/8bbc5ab4c3784b4d9b93eb0fd1fb6fd6.jpg,Most Wanted,£35.28
../media/cache/7a/22/7a224a6e174af91950e9b124afe54e0e.jpg,"Love, Lies and Spies",£20.55
../media/cache/d2/64/d264ad1af882ce391005dc7215ac90e7.jpg,How to Speak Golf: ...,£58.32
../media/cache/57/07/5707c3d5d4fd44d943d51730ba7d429a.jpg,Hide Away (Eve Duncan ...,£11.84
../media/cache/ab/2a/ab2ae4f02aa46271b4bfc77494039fc6.jpg,Furiously Happy: A Funny ...,£41.46
../media/cache/5a/64/5a6499d41ccaad4c4f7eeaa90e16345a.jpg,Everyday Italian: 125 Simple ...,£20.10
../media/cache/00/11/001153d2a22d889837efac1703e10a5e.jpg,Equal Is Unfair: America's ...,£56.86
../media/cache/ed/d7/edd781d3c9d63a395f80f241445e88fa.jpg,Eleanor & Park,£56.51
../media/cache/ae/90/ae903f6f6d059954be4e85497dd76bf5.jpg,Dirty (Dive Bar #1),£40.83
../media/cache/0b/2f/0b2f432cc27132f688fcdf29618521e0.jpg,Can You Keep a ...,£48.64
../media/cache/d5/81/d58157866ea8f015a8e4c55b23b8c96f.jpg,Boar Island (Anna Pigeon ...,£59.48
../media/cache/16/57/16575316618bd7e922d5b0e0f87de2ca.jpg,A Paris Apartment,£39.01
../media/cache/98/19/9819ff3a8290dc6ab8797d00de5ec554.jpg,A la Mode: 120 ...,£38.77
../media/cache/77/82/778285b3c87d6d5d98003aa0f2f65933.jpg,Troublemaker: Surviving Hollywood and ...,£48.39
../media/cache/fd/71/fd71fb07247bf911505a351c0670c6dc.jpg,The Widow,£27.26
../media/cache/3d/c5/3dc5455313710cf7055c060114e25bf0.jpg,The Sleep Revolution: Transforming ...,£11.68
../media/cache/06/49/06493269f6893cfd24b650f66df51882.jpg,The Improbability of Love,£59.45
../media/cache/b3/7b/b37be83183f1dcb759d92bda8f8998a4.jpg,The Art of Startup ...,£21.00
../media/cache/a6/4b/a64b3c559f59748bfdbbe75be3e16075.jpg,Take Me Home Tonight ...,£53.98
../media/cache/c0/72/c072c1ef144d571abd25fe9cc18cceba.jpg,Sleeping Giants (Themis Files ...,£48.74
../media/cache/8b/c4/8bc43a6b42d0283ab4bf611f1b497126.jpg,Setting the World on ...,£21.15
../media/cache/90/0b/900bd2e60d56b6480a4e8eb2dddb46d6.jpg,Playing with Fire,£13.71
../media/cache/1d/78/1d78fe226e1adb9cb591fa21f8a9bf68.jpg,Off the Hook (Fishing ...,£47.67
../media/cache/a8/84/a8843a3fe1a40d5c7df60bbb8cd76ecd.jpg,Mothering Sunday,£13.34
../media/cache/ae/03/ae03f5d4d4c2ee038ac4c4ce9b71e592.jpg,"Mother, Can You Not?",£16.89
../media/cache/d6/e8/d6e8258cee98f80727e99f7ac5aa1b88.jpg,M Train,£27.18
../media/cache/6c/2e/6c2e764e3ea89859b52df8de4f12af7a.jpg,Lilac Girls,£17.28
../media/cache/29/88/2988f5fb3dfd95214dba2ecb2d496c94.jpg,Lies and Other Acts ...,£45.14
../media/cache/e9/72/e972f8b4abaaa6f8f449479cd9d87be3.jpg,Lab Girl,£40.85
../media/cache/ae/ac/aeac003461b89c7ef826251d940b2afc.jpg,Keep Me Posted,£20.46
../media/cache/ee/a9/eea9e831f8964b4dc0190c84a1f9a1f6.jpg,It Didn't Start with ...,£56.27
../media/cache/bb/ee/bbeeab4c4ce572c0e9764e3a96c6d4a5.jpg,Grey (Fifty Shades #4),£48.49
../media/cache/ca/99/ca99bafb2a75d4fadb8d64efed26316f.jpg,"Exit, Pursued by a ...",£51.34
../media/cache/31/71/31715c5e3b53bf1e2f41e394f024a8c4.jpg,Daredevils,£16.34
../media/cache/ae/5c/ae5ca435fb095e374d2c2aa9f7b6f380.jpg,Cravings: Recipes for What ...,£20.50
../media/cache/aa/67/aa677a97ecdcbbde7471f1c90ed0cf6f.jpg,Born for This: How ...,£21.59
../media/cache/51/88/518810d182843244a404f2a2a614a93b.jpg,Arena,£21.36
../media/cache/79/d9/79d99cfa5557be0643ba00bfcd35256b.jpg,Adultery,£20.88
../media/cache/28/58/285861a80930ffa7521dcb8bd19656e9.jpg,A Mother's Reckoning: Living ...,£19.53
../media/cache/f0/e0/f0e0db3edcb14293a52b51929cc72979.jpg,A Gentleman's Position (Society ...,£14.75
../media/cache/f6/c5/f6c5d27eacb123238f28a32263694d74.jpg,11/22/63,£48.48
../media/cache/40/b2/40b246cf12df5345dc0371c040fddb4b.jpg,10% Happier: How I ...,£24.57
../media/cache/23/c2/23c2108ae81327c7f3fb0721976cba5e.jpg,10-Day Green Smoothie Cleanse: ...,£49.71
../media/cache/90/86/9086ca3d1d5c4059beb7dcf762926e1e.jpg,Without Shame,£48.27
../media/cache/0b/43/0b43137f35134bf211608d1e7197b086.jpg,Watchmen,£58.05
../media/cache/61/46/6146f9ffb87a4f82301d033aa74cc48b.jpg,Unlimited Intuition Now,£58.87
../media/cache/ee/59/ee593e57a7fb110d96f1688b0fdd9d59.jpg,Underlying Notes,£11.82
../media/cache/20/8b/208b77faac57115ae239391fe2a64c86.jpg,The Shack,£28.03
../media/cache/9b/33/9b33c7a5431415614f7b788e0c1552c9.jpg,The New Brand You: ...,£44.05
../media/cache/d4/53/d453cfb6c08dbf76d200ffa858bc9979.jpg,The Moosewood Cookbook: Recipes ...,£12.34
../media/cache/a9/f0/a9f00f8505431e64db0f91df762a6d73.jpg,The Flowers Lied,£16.68
../media/cache/5e/7f/5e7f7d9913d4c95d33904770c518d537.jpg,The Fabric of the ...,£55.91
../media/cache/83/db/83dbf86eb0fed1d99de2148eac4eb064.jpg,The Book of Mormon,£24.57
../media/cache/4b/d4/4bd43108fb070ad8ebba9cdb00b14069.jpg,The Art and Science ...,£52.98
../media/cache/93/d0/93d01bc6bce58e8efbf560e9e3dc3379.jpg,The Alien Club,£54.40
../media/cache/db/cc/dbcc9d63b73ce9058d53f36465dbe2b2.jpg,Suzie Snowflake: One beautiful ...,£54.81
../media/cache/27/1f/271faa1d7561473974d12803feb1f0a1.jpg,Nap-a-Roo,£25.08
../media/cache/f3/b9/f3b94d63844537271e86565071e5d716.jpg,NaNo What Now? Finding ...,£10.41
../media/cache/79/40/79405be1357e2576e7f4b307600be914.jpg,Modern Day Fables,£47.44
../media/cache/87/fe/87fe3f7f3f62c1b1b81890578c9cf294.jpg,If I Gave You ...,£20.91
../media/cache/7c/ea/7cea6ff4f6f1427739b136db35fbfad4.jpg,"Fruits Basket, Vol. 9 ...",£33.95
../media/cache/df/14/df1418baa09e00b877be35066084c9dc.jpg,Dress Your Family in ...,£43.68
../media/cache/e7/75/e775bf9ea6343b2ee0be5166bb445bd2.jpg,Don't Forget Steven,£33.23
../media/cache/5e/76/5e76a5026bd17a5b484ae2a60eec0542.jpg,Chernobyl 01:23:40: The Incredible ...,£35.92
../media/cache/ef/80/ef80e6100214c486562a73ce76444826.jpg,Art and Fear: Observations ...,£48.63
../media/cache/27/64/27649cb5da52970f4bb2fc5234a48578.jpg,A Shard of Ice ...,£56.63
../media/cache/95/68/95685fabe00befa6dc91277cde703b55.jpg,A Hero's Curse (The ...,£50.49
../media/cache/29/3e/293e31894cd2c5bf2aff452b8c818b66.jpg,23 Degrees South: A ...,£35.79
../media/cache/f4/8e/f48ee738bc992a68d08eadcb4338a547.jpg,Zero to One: Notes ...,£34.06
../media/cache/31/a6/31a61c2587add91e55a85fec33e93d15.jpg,Why Not Me?,£17.76
../media/cache/39/a5/39a5f0d3280010ca400eb4f5d262b950.jpg,When Breath Becomes Air,£39.36
../media/cache/d5/bf/d5bf0090470b0b8ea46d9c166f7895aa.jpg,Vagabonding: An Uncommon Guide ...,£36.94
../media/cache/06/e2/06e2e125d332e2e09a64816ff915b859.jpg,The Unlikely Pilgrimage of ...,£43.62
../media/cache/6a/55/6a55ccd4bc2383f5fe915fbef8bd5a23.jpg,The New Drawing on ...,£43.02
../media/cache/82/6c/826c590f552ce717a2972649350c8030.jpg,"The Midnight Assassin: Panic, ...",£28.45
../media/cache/72/ed/72ed6908c3fcf2bccf79013a65943849.jpg,The Martian (The Martian ...,£41.39
../media/cache/55/00/550091fc134bbe67f562d95a6d6313f7.jpg,The High Mountains of ...,£51.15
../media/cache/f4/cb/f4cb1f9c7280bf1fd05fe33d2816080f.jpg,The Grownup,£35.88
../media/cache/11/2c/112c55a6bcd401c3bd603f5ddb2e6b82.jpg,The E-Myth Revisited: Why ...,£36.91
../media/cache/09/11/09118b974f3685483f3e4debd1f97c90.jpg,South of Sunshine,£28.93
../media/cache/21/88/21889b1eddaec853b02a41bdd06eef54.jpg,Smarter Faster Better: The ...,£38.89
../media/cache/bb/1c/bb1c91883579f1f99fe6ebf13b92c1c1.jpg,Silence in the Dark ...,£58.33
../media/cache/93/e0/93e0ec623673a8f83598c9aa7b6c94ec.jpg,Shadows of the Past ...,£39.67
../media/cache/b8/bd/b8bd3e5bc547c7c851689a844c9db429.jpg,Roller Girl,£14.10
../media/cache/3b/f3/3bf3c719382c03984ab9766803bed964.jpg,Rising Strong,£21.82
../media/cache/3f/ef/3fef12d9da503693af12997c0ea0897f.jpg,Proofs of God: Classical ...,£54.21
../media/cache/06/f1/06f185c0be2ad6e2fe059464c03f1b47.jpg,Please Kill Me: The ...,£31.19
../media/cache/93/d5/93d5c64abfad9ed6a0cb2e26f19f1a1e.jpg,Out of Print: City ...,£53.64
../media/cache/98/00/98001a78a78ab77027145ff586d64431.jpg,My Life Next Door ...,£36.39
../media/cache/dc/1a/dc1a54201eff16a11e7d84eef5ea36c7.jpg,Miller's Valley,£58.54
../media/cache/ed/ff/edffa2eec8d96b8ddcd53d5c2eff8453.jpg,Man's Search for Meaning,£29.48
../media/cache/6d/1b/6d1b236549b8d5bc9e20786a25b7e7d1.jpg,Love That Boy: What ...,£25.06
../media/cache/c9/76/c9767187068d80827d0967225ce3925d.jpg,Living Forward: A Proven ...,£12.55
../media/cache/36/5b/365b3ab7ab72a6258873716aef6d5c1a.jpg,Les Fleurs du Mal,£29.04
../media/cache/d7/e2/d7e27f418884548ee1b551c67bcd222c.jpg,Left Behind (Left Behind ...,£40.72
../media/cache/85/42/8542841f5644a6daf433504f1e106e97.jpg,Kill 'Em and Leave: ...,£45.05
../media/cache/05/ce/05ce699eaf78c0fae20308497c4f496a.jpg,Kierkegaard: A Christian Missionary ...,£47.13
../media/cache/85/a1/85a19d4c20a4801013e8108a166d10af.jpg,John Vassos: Industrial Design ...,£20.22
../media/cache/af/93/af933f86038dc55487b5bf1d81ff4bfb.jpg,I'll Give You the ...,£56.48
../media/cache/87/28/8728f8880e95b848021f6a9b3dcd07ca.jpg,I Will Find You,£44.21
../media/cache/2d/7b/2d7b77d8b45b2f8e1bc0ce20aacddad0.jpg,Hystopia: A Novel,£21.96
../media/cache/b7/29/b7293f602efb0c17e305077f8175888a.jpg,Howl and Other Poems,£40.45
../media/cache/58/a6/58a634c3231b5380544cc330536cb5ea.jpg,History of Beauty,£10.29
../media/cache/58/6a/586afa8809f59bff51b89b2bc4a16129.jpg,Heaven is for Real: ...,£52.86
../media/cache/89/10/8910c36eec96636288a9cfb61610c9fa.jpg,Future Shock (Future Shock ...,£55.65
../media/cache/8a/0d/8a0d251ccece436f956df676c99e70f7.jpg,Ender's Game (The Ender ...,£43.64
../media/cache/33/4f/334fd0ebdf0c0192baf5914d199c53b5.jpg,Diary of a Citizen ...,£28.41
../media/cache/7d/16/7d16c126f85826628bf9dcccd7a66b32.jpg,Death by Leisure: A ...,£37.51
../media/cache/56/cb/56cb66d73fb438d64af14dce8bd8b22b.jpg,Brilliant Beacons: A History ...,£11.45
../media/cache/3a/4f/3a4fb30cfc5742f4726bc9f807b66cda.jpg,Brazen: The Courage to ...,£19.22
../media/cache/73/45/7345c412c4c821f131d3c159e027c3a0.jpg,Between the World and ...,£56.91
../media/cache/c7/7f/c77fdad22e40b8b923ec6c5b1f5a740f.jpg,Being Mortal: Medicine and ...,£55.06
../media/cache/56/31/56313728d302c83f2a8c70fba635ce33.jpg,A Murder Over a ...,£13.20
../media/cache/1d/1f/1d1fbd89f0290275b9166877663ee9f5.jpg,32 Yolks,£53.63
../media/cache/11/af/11af7fbd6aec06a75fe207fae92b17e0.jpg,"""Most Blessed of the ...",£44.48
../media/cache/9e/15/9e15d7add5090ff2a17bd71ac96aa55a.jpg,You Are a Badass: ...,£12.08
../media/cache/0c/07/0c07b114195b45c156f7f1e23820c49a.jpg,Wildlife of New York: ...,£22.14
../media/cache/c7/ab/c7abb5e32bd37118a87523dcee0a70a6.jpg,What Happened on Beale ...,£25.37
../media/cache/8b/10/8b102daec94d1ea9c6fc36dd3ec1c1fe.jpg,Unreasonable Hope: Finding Faith ...,£46.33
../media/cache/98/c2/98c2e95c5fd1a4e7cd5f2b63c52826cb.jpg,Under the Tuscan Sun,£37.33
../media/cache/4c/30/4c3041def6f29659e009f61e45e492b0.jpg,Toddlers Are A**holes: It's ...,£25.55
../media/cache/8e/43/8e4335b369bdad5ccc1551e5592f89ac.jpg,The Year of Living ...,£34.72
../media/cache/6c/18/6c18ea03e294bfcfe07cf531c6c5f5b3.jpg,The Whale,£35.96
../media/cache/bb/36/bb364a10868756d1c0877c928b43b533.jpg,The Story of Art,£41.14
../media/cache/da/0d/da0d13699a090516502257a4d7da623f.jpg,The Origin of Species,£10.01
../media/cache/28/cb/28cb7a5e23c1339a0d6aafd5e7e190d6.jpg,The Great Gatsby,£36.05
../media/cache/e2/71/e2718be90a081b33d2606a386b073998.jpg,The Good Girl,£49.03
../media/cache/e0/e9/e0e97d416322d9728df7d9e589d6a998.jpg,The Glass Castle,£16.24
../media/cache/cc/a4/cca4e6a4cd5c207e7ce7d992ff464c3b.jpg,The Faith of Christopher ...,£39.55
../media/cache/f5/d9/f5d90537f3bed5ad7c8971190beb0730.jpg,The Drowning Girls,£35.67
../media/cache/fc/80/fc80b999ff4b8ef24b7071f62d2bf6d1.jpg,The Constant Princess (The ...,£16.62
../media/cache/40/8d/408d93b27ce8c9cfb3bf66c17e9a54ab.jpg,The Bourne Identity (Jason ...,£42.78
../media/cache/95/d7/95d7541679fcbd579b8a4f2b47231aaf.jpg,The Bachelor Girl's Guide ...,£52.30
../media/cache/99/51/99511f4da1a4a2114e2ed12e6ba17b65.jpg,The Art Book,£32.34
../media/cache/c9/c3/c9c3d568ff6ddb98bde01c9d0b1d920a.jpg,The 7 Habits of ...,£33.17
../media/cache/56/75/567575381760b5c1ec018d10d350fc5f.jpg,Team of Rivals: The ...,£20.12
../media/cache/5f/17/5f17f0e06d7d67717eff3833d309a233.jpg,Steal Like an Artist: ...,£20.90
../media/cache/8e/40/8e408552c2e7ee81cd60c03c79f604af.jpg,"Sit, Stay, Love",£20.90
../media/cache/fa/57/fa570b7a0fb42252f61e1e750c79d417.jpg,Sister Dear,£40.20
../media/cache/4f/1e/4f1ece2500f8dbacecca42d57befca03.jpg,"Shrunken Treasures: Literary Classics, ...",£52.87
../media/cache/18/f4/18f45d31e3892fee589e23f15d759ee3.jpg,"Rich Dad, Poor Dad",£51.74
../media/cache/8f/66/8f66ec46e671d6fca79649c10c7c8f8a.jpg,Raymie Nightingale,£34.41
../media/cache/1c/eb/1cebdf525ebe970a1dc3c5a8c50eae6b.jpg,Playing from the Heart,£32.38
../media/cache/c0/df/c0dfd5388bb38b9c24da2e94534e1198.jpg,Nightstruck: A Novel,£50.35
../media/cache/e6/b6/e6b66353f9325518994dd8b564290fd7.jpg,Naturally Lean: 125 Nourishing ...,£11.38
../media/cache/39/e3/39e33ebef2d7a35dd6899541eba8306d.jpg,Meternity,£43.58
../media/cache/41/80/4180406c788ff3e0f37cd4491a260a5b.jpg,Memoirs of a Geisha,£49.67
../media/cache/17/e2/17e264d978942f73b859fa1c1d2cf827.jpg,Like Never Before (Walker ...,£28.77
../media/cache/e7/ae/e7aee104ca78dac961bd906294fe88f1.jpg,Life of Pi,£13.22
../media/cache/31/c7/31c7c5ce7b04d227aa36ecb250b9dad5.jpg,Leave This Song Behind: ...,£51.17
../media/cache/3e/2d/3e2d526ee062008ab1cbf54f90a5abb2.jpg,King's Folly (The Kinsman ...,£39.61
../media/cache/59/b4/59b4f94b4dc4c7cb844a6f24a5e2a41e.jpg,John Adams,£57.43
../media/cache/59/2d/592dc2dee11b798780f5ae613b970a34.jpg,How to Cook Everything ...,£46.01
../media/cache/e2/5c/e25cbc27ebc12e47cdf3f7adc87cccdc.jpg,How to Be a ...,£28.25
../media/cache/1d/f4/1df443b1bd6d7a1d804b4780a666438f.jpg,Good in Bed (Cannie ...,£37.05
../media/cache/b4/36/b43672509477baa090e57ebeacbb28fb.jpg,"Fruits Basket, Vol. 7 ...",£19.57
../media/cache/a7/d8/a7d8fda2a874567aab8f61b2b141a5e2.jpg,For the Love: Fighting ...,£45.13
../media/cache/ae/2c/ae2ce9662ed6da3de501ff87551ccb2d.jpg,Finding God in the ...,£46.64
../media/cache/50/d4/50d41a24990208deb72c9802a6c1e540.jpg,Every Heart a Doorway ...,£12.16
../media/cache/57/31/5731a5d46c2c1e88977eb5e6d1337a2e.jpg,Delivering the Truth (Quaker ...,£20.89
../media/cache/32/2c/322c1f6cce6d5a69a7d2321779195a0c.jpg,Counted With the Stars ...,£17.97
../media/cache/11/fc/11fc94453c4dc0d68543971d7843afb0.jpg,"Chronicles, Vol. 1",£52.60
../media/cache/a2/f5/a2f5b5fd4421d56d37c73a7fb29f5f40.jpg,Blue Like Jazz: Nonreligious ...,£25.77
../media/cache/25/f8/25f869fa75340fca0fc2a68e8a0412a1.jpg,Benjamin Franklin: An American ...,£48.19
../media/cache/de/76/de76d5c473c358bd41c03cf710692bfb.jpg,At The Existentialist Café: ...,£29.93
../media/cache/4e/15/4e15150388702ebca2c5a523ac270539.jpg,A Summer In Europe,£44.34
../media/cache/3c/f6/3cf646523ff7fb8647c500d6325cfcaf.jpg,A Short History of ...,£52.40
../media/cache/48/b2/48b20fcc9ab722729de2c4da3d4de26e.jpg,A Gathering of Shadows ...,£44.81
../media/cache/4e/3a/4e3a151bbe2629a55df09fd318fdeb0a.jpg,The Sound Of Love,£57.84
../media/cache/e1/02/e102cefae5bb523bc67eb6b49bc18b5d.jpg,The Rise and Fall ...,£39.67
../media/cache/ca/5b/ca5b33c09daab4667ed37b330de889bd.jpg,The Perks of Being ...,£55.02
../media/cache/32/94/3294e5eaf73a37958583483fc9a90f04.jpg,The Mysterious Affair at ...,£24.80
../media/cache/92/fe/92fe1c1823653412fe68be2c525dfc3a.jpg,The Man Who Mistook ...,£59.45
../media/cache/6f/6c/6f6c7560e254f8242f86ef048f1ba7b3.jpg,The Makings of a ...,£31.58
../media/cache/05/8e/058ebff59d12ebe40df1844bedd9366b.jpg,The Joy of Cooking,£43.27
../media/cache/62/fa/62fa1e72f06f05762db5d9cedf654153.jpg,The Invention of Wings,£37.34
../media/cache/8b/d3/8bd38de5367fc675467431f343862569.jpg,The Hobbit (Middle-Earth Universe),£17.80
../media/cache/76/de/76de41867f323d7f1f4fbe2fdfc1b2ba.jpg,The Great Railway Bazaar,£30.54
../media/cache/e7/9f/e79f81bfea1cb8b0503db022b64da713.jpg,The Golden Compass (His ...,£18.77
../media/cache/36/64/36643d44134c8a227988927013805e61.jpg,The God Delusion,£46.85
../media/cache/d0/b6/d0b6d59c0662dcbd15d47add40af1ebd.jpg,The Girl You Left ...,£15.79
../media/cache/ed/75/ed75000b92734d99b76a17954857327c.jpg,The Fellowship of the ...,£10.27
../media/cache/7e/93/7e934132cd03486649fb492fe702f704.jpg,The Collected Poems of ...,£15.42
../media/cache/dd/07/dd07bd0c443756b9dc260813c1949b4f.jpg,The Barefoot Contessa Cookbook,£59.92
../media/cache/f9/72/f972e744117c9d4b5fefb3410c0e9f7c.jpg,Tell the Wolves I'm ...,£50.96
../media/cache/31/b0/31b0e0a42826b326e43235beb8ddd783.jpg,Ship Leaves Harbor: Essays ...,£30.60
../media/cache/c8/09/c80991f861675b6e75dc7f2f6a50e5a0.jpg,Pride and Prejudice,£19.27
../media/cache/02/66/02667c5b8f5a5e9e45c0799518f086ca.jpg,Musicophilia: Tales of Music ...,£46.58
../media/cache/d2/90/d29093abd0b9d5258e2e08b731778158.jpg,Mere Christianity,£48.51
../media/cache/a2/cd/a2cd0016b37c0407059147e58e14afe5.jpg,Me Before You (Me ...,£19.02
../media/cache/24/a1/24a175dac7cb91ff26e2d723cdc6e098.jpg,In the Woods (Dublin ...,£38.38
../media/cache/eb/4e/eb4ea9c04dccab509451ba31feb6b4e8.jpg,In Cold Blood,£49.98
../media/cache/4f/08/4f08f7948770912e4e340e10caa604cb.jpg,How to Stop Worrying ...,£46.49
../media/cache/8b/7c/8b7c73e075cc687b6890dc0dca9fcbcc.jpg,Give It Back,£18.32
../media/cache/f9/ec/f9ec97bd8b29cc4e36d6c2b093d04709.jpg,"Girl, Interrupted",£42.14
../media/cache/54/ae/54ae8233e8422676c241d1cea0b67f1d.jpg,Fun Home: A Family ...,£56.59
../media/cache/94/1a/941a14dec32f0a949c38a325a715c138.jpg,"Fruits Basket, Vol. 6 ...",£20.96
../media/cache/fa/2d/fa2d3198b7ba9785e0edd6f41b84d72b.jpg,Deception Point,£40.32
../media/cache/07/5c/075c210f5ce43b84d29646a54529d1bd.jpg,"Death Note, Vol. 6: ...",£36.39
../media/cache/72/f1/72f13b8f069d3a018d2c378be5a1de20.jpg,Catherine the Great: Portrait ...,£58.55
../media/cache/75/82/7582e20b84f603358a8d55cd6a0a50f4.jpg,Better Homes and Gardens ...,£39.61
../media/cache/00/29/002924b764dc367dcaa3486fa4c0aa0b.jpg,An Unquiet Mind: A ...,£21.30
../media/cache/db/46/db46159b05faa5d95262112bf9c29ddd.jpg,A Year in Provence ...,£56.88
../media/cache/be/7c/be7ce6fbc9a8e1a5a5b5c32e73cfd78a.jpg,World Without End (The ...,£32.97
../media/cache/de/a1/dea174c8a8dbfd98e5e05c9e479a52b2.jpg,"Will Grayson, Will Grayson ...",£47.31
../media/cache/16/f5/16f545b2e14c16ed4bd0e098a0700b57.jpg,Why Save the Bankers?: ...,£48.67
../media/cache/05/86/0586b3d79013f606494e843de1faea0b.jpg,Where She Went (If ...,£41.73
../media/cache/59/bc/59bcc421ae9f5a6f12ef11e849fb745d.jpg,What If?: Serious Scientific ...,£53.68
../media/cache/89/16/89165d7488fbaa9e60cfcabe56796288.jpg,Two Summers,£14.64
../media/cache/35/a4/35a4a7c6c76c4e82186753078e441654.jpg,This Is Your Brain ...,£38.40
../media/cache/c5/46/c5465a06182ed6ebfa40d049258a2f58.jpg,The Secret Garden,£15.08
../media/cache/da/54/da54d953f00d1e465f31f865df3d0f3f.jpg,The Raven King (The ...,£30.57
../media/cache/3c/a4/3ca4889e4bb7f9a1cc1d7a1c920e9d42.jpg,The Raven Boys (The ...,£57.74
../media/cache/82/1d/821d2c02dcd0a10fc9d533917482746e.jpg,The Power Greens Cookbook: ...,£11.05
../media/cache/4a/1b/4a1b6e9c1af75db0dc34ae63344f6883.jpg,The Metamorphosis,£28.58
../media/cache/f2/64/f26457d65a03b2636c4bcc7c318f7346.jpg,The Mathews Men: Seven ...,£42.91
../media/cache/50/a9/50a901fb008c0b8965c8d4da2dff5470.jpg,The Little Paris Bookshop,£24.73
../media/cache/cf/18/cf187c1dc5575fcbbf49c58024146c4b.jpg,The Hiding Place,£55.91
../media/cache/08/a9/08a957eb34f8047862e225774c3bdde2.jpg,The Grand Design,£13.76
../media/cache/95/84/95847132a78de44b7249a2d0a3fe3ef6.jpg,The Firm,£45.56
../media/cache/69/61/696100859e82b2ec7a796129d6cca44a.jpg,The Fault in Our ...,£47.22
../media/cache/f8/e3/f8e371e2869d13b9d89999f8d5173245.jpg,The False Prince (The ...,£56.00
../media/cache/db/e4/dbe49e1cb06136eeb51182f551ccdc52.jpg,The Expatriates,£44.58
../media/cache/d9/7a/d97a3a4a65b5275ab506b28c7a88e0a5.jpg,The Dream Thieves (The ...,£34.50
../media/cache/c1/ab/c1ab73a20d02b5f3a5599e7c5704a909.jpg,The Darkest Corners,£11.33
../media/cache/9f/35/9f351ca1978128c60a3b7f85987075b3.jpg,The Crossover,£38.77
../media/cache/10/d0/10d0c5e47d0e8cce16b6b5e6be48cb16.jpg,The 5th Wave (The ...,£11.83
../media/cache/3b/0c/3b0c5f4df26b73659af4e25107499384.jpg,Tell the Wind and ...,£45.51
../media/cache/a1/2f/a12f0bec8c8728800f901b4e5f6e3f9a.jpg,Tell Me Three Things,£41.81
../media/cache/07/8b/078b934613af473daf7ecf918e05d050.jpg,Talking to Girls About ...,£25.15
../media/cache/ce/0b/ce0be2d86e388540122c222306c6d62c.jpg,Siddhartha,£34.22
../media/cache/84/73/847399651d8f2dfae1a0d5a0ea4064b2.jpg,Shiver (The Wolves of ...,£16.23
../media/cache/3f/95/3f9572f94858197e92786b194f0f12df.jpg,Remember Me?,£11.48
../media/cache/30/66/3066f8bcd2e2ed6b45084355ff084a61.jpg,Red Dragon (Hannibal Lecter ...,£23.37
../media/cache/83/ab/83ab65f938b24fa1a9cb47235be49b57.jpg,Peak: Secrets from the ...,£16.28
../media/cache/9b/b4/9bb42bf833e91193ca05badddded4bfb.jpg,My Mother Was Nuts,£31.63
../media/cache/5d/02/5d029bff299cdb777e06f35800faa628.jpg,Mexican Today: New and ...,£24.91
../media/cache/c0/bb/c0bb6e42743b9c1aaf9b754501100a5d.jpg,Maybe Something Beautiful: How ...,£22.54
../media/cache/bc/c8/bcc8374e0c81ded1486b6225ca4fe78a.jpg,Lola and the Boy ...,£23.63
../media/cache/d9/4e/d94e6206c2decd3acd9a61b2cbac7eaf.jpg,Logan Kade (Fallen Crest ...,£13.12
../media/cache/e4/0a/e40a336622fe578699be5a1eeba18f9d.jpg,Last One Home (New ...,£59.98
../media/cache/eb/e9/ebe9f06ccebf83d9853a846052b58fff.jpg,Killing Floor (Jack Reacher ...,£31.49
../media/cache/05/74/0574a71ccaff1fef1f8e9a1f4c22b7bc.jpg,Kill the Boy Band,£15.52
../media/cache/0d/0b/0d0bd1fce3e0171cf101764393caea41.jpg,Isla and the Happily ...,£48.13
../media/cache/cb/b3/cbb3754c7bae0d54dcf561aed4f9d6e3.jpg,If I Stay (If ...,£38.13
../media/cache/c1/42/c14297e48de02ac420c587822ff329ab.jpg,I Know Why the ...,£36.55
../media/cache/58/e4/58e434a6a4eb267eac7aa529b0c2ec15.jpg,Harry Potter and the ...,£23.32
../media/cache/51/cf/51cf19c74f21a7043910615fefcf0847.jpg,"Fruits Basket, Vol. 5 ...",£16.33
../media/cache/8b/92/8b9267df86378b6973974ae7e1924ffe.jpg,Foundation (Foundation (Publication Order) ...,£32.42
../media/cache/b6/9c/b69c4ea86e09921aabc4e0431a8273a5.jpg,Fool Me Once,£16.96
../media/cache/f6/f2/f6f2094e8a318093fa53784df2bfeab8.jpg,Find Her (Detective D.D. ...,£22.37
../media/cache/d0/4f/d04f8176cf0527b293114173d01999d7.jpg,Evicted: Poverty and Profit ...,£42.27
../media/cache/68/ce/68ce8be6a167f510d07a7da637b62c6f.jpg,Drama,£38.70
../media/cache/13/ff/13fffcde653948339d3427184b7bd0b5.jpg,Dracula the Un-Dead,£35.63
../media/cache/5c/77/5c770b251d27aeef263f8ae974ca02e0.jpg,Digital Fortress,£58.00
../media/cache/4e/c1/4ec161cc09ee437c9eda6d437d232a11.jpg,"Death Note, Vol. 5: ...",£52.41
../media/cache/1f/d8/1fd8340d9b3fd95861f0407b4dbb0fa7.jpg,"Data, A Love Story: ...",£32.35
../media/cache/12/6e/126ef8f6473b81808ebbb9cff155e883.jpg,Critique of Pure Reason,£20.75
../media/cache/8f/46/8f46bb13feb3a4440a27dfcf688fbaa6.jpg,Booked,£17.49
../media/cache/db/14/db14903b3a56a297ef6aefe7624d637f.jpg,"Blue Lily, Lily Blue ...",£34.13
../media/cache/17/aa/17aacb738eace89a635a4eb47a94c11d.jpg,Approval Junkie: Adventures in ...,£58.81
../media/cache/ed/45/ed4517339d4780f4158c485c83850d20.jpg,An Abundance of Katherines,£10.00
../media/cache/eb/17/eb178eceef1e9290591cabd5155571a3.jpg,America's War for the ...,£51.22
../media/cache/5e/f3/5ef34ba3e937218db15178a1a5ce195f.jpg,Alight (The Generations Trilogy ...,£58.59
../media/cache/f7/a9/f7a90a63f66ac92cc280def001970ed2.jpg,A Girl's Guide to ...,£31.30
../media/cache/13/d1/13d11b26b46484ee73e9923ff307a7b4.jpg,A Game of Thrones ...,£46.42
../media/cache/b3/6b/b36b278233baf55ebaad761d8d3d0fec.jpg,A Feast for Crows ...,£17.21
../media/cache/1a/29/1a298a157f4113d6e0127521aaa1f5f0.jpg,A Clash of Kings ...,£10.79
../media/cache/1f/55/1f5541682b39b390a3db41430922d510.jpg,Vogue Colors A to ...,£52.35
../media/cache/db/96/db9686744f93c0e9ff3945144827f99a.jpg,The Shining (The Shining ...,£27.88
../media/cache/45/bb/45bb59d19eb3aa868293d44809078418.jpg,The Pilgrim's Progress,£50.26
../media/cache/40/16/4016ffba678f309171d8130135f6eb8e.jpg,The Perfect Play (Play ...,£59.99
../media/cache/6b/82/6b822681c4035131560d40dd3b5a6a2e.jpg,The Passion of Dolssa,£28.32
../media/cache/2d/32/2d32efe1c5f97510596a2cc21c5daf5d.jpg,The Jazz of Physics: ...,£38.71
../media/cache/41/c7/41c72a9c7733fc5f7434b2fa33060c54.jpg,The Hunger Games (The ...,£29.85
../media/cache/1f/b0/1fb03cdabe6001c8a2620f65e025cbd5.jpg,The Hound of the ...,£14.82
../media/cache/28/a8/28a8784d0b38b148a35bce421dc16910.jpg,The Gunning of America: ...,£16.81
../media/cache/bd/a0/bda0fa21e6d06862920c0eedecc6201e.jpg,The Geography of Bliss: ...,£28.23
../media/cache/1a/d2/1ad2a260776198051f4d1849be347cc6.jpg,The Demonists (Demonist #1),£52.11
../media/cache/47/71/477173fe3000a6da4b241c2e71a21418.jpg,The Demon Prince of ...,£27.88
../media/cache/ee/d4/eed4d5d63d13f0aa86575c90f8ccacb7.jpg,The Bone Hunters (Lexy ...,£59.71
../media/cache/1b/3f/1b3f5057f9e7f7cb81a8c10b58024145.jpg,The Beast (Black Dagger ...,£46.08
../media/cache/27/b7/27b7f4ec590965b5acc15dc4b1376684.jpg,Some Women,£13.73
../media/cache/ac/ba/acba5e4e1813b8c1fff4890f1efef3ab.jpg,Shopaholic Ties the Knot ...,£48.39
../media/cache/a7/04/a704d4248b21c0cdd8038c1b8345ed17.jpg,Paper and Fire (The ...,£49.45
../media/cache/b1/0b/b10ba73e67297fc8ed9e877bdcf60813.jpg,Outlander (Outlander #1),£19.67
../media/cache/15/de/15de75548ee9a4c6be1420ee309c03e0.jpg,Orchestra of Exiles: The ...,£12.36
../media/cache/7a/7e/7a7eb52e7075a5305522948375c1316e.jpg,No One Here Gets ...,£20.02
../media/cache/c0/02/c0029d48c2588e6d2a6a31c9f96088ba.jpg,Night Shift (Night Shift ...,£12.75
../media/cache/2d/e0/2de0eff716ca13d12cf5420e88e1a8b3.jpg,Needful Things,£47.51
../media/cache/76/b4/76b462eda7a84ccf39a543d63c695ca7.jpg,Mockingjay (The Hunger Games ...,£20.44
../media/cache/7c/93/7c9302e392e128881e926d19f761da33.jpg,Misery,£34.79
../media/cache/81/f5/81f559ebe403317226fa8b611e35ce8a.jpg,Little Women (Little Women ...,£28.07
../media/cache/f7/b7/f7b73392b12909a1e8261ef3f96c5fd1.jpg,It,£25.01
../media/cache/04/c8/04c8a51d23d4335d300324e917ca4d8f.jpg,Harry Potter and the ...,£13.90
../media/cache/d1/fb/d1fbdddb0d4fb0c445a33c6d003d0990.jpg,Harry Potter and the ...,£24.17
../media/cache/96/11/9611147982037cd7d79483452938c10f.jpg,Harry Potter and the ...,£31.63
../media/cache/c8/24/c8248518fb59de3a798a4b5baae949b5.jpg,Harry Potter and the ...,£48.75
../media/cache/fc/08/fc08dcfc1ae86bbd5bc0bca74c9b6d3d.jpg,Harry Potter and the ...,£14.74
../media/cache/27/82/2782701b5c877cb063065b9fc14c5b13.jpg,Gone with the Wind,£32.49
../media/cache/d2/80/d280aed3d0c46653a9c33f76559e9e6d.jpg,God Is Not Great: ...,£27.80
../media/cache/b7/ad/b7ad37d93d8401c84d7325aa645ff6d5.jpg,Girl With a Pearl ...,£26.77
../media/cache/38/79/38794d8729a111018260d931e7101de2.jpg,"Fruits Basket, Vol. 4 ...",£50.44
../media/cache/87/54/8754267f27581996f93e8d94d3c04bf9.jpg,Far From True (Promise ...,£34.93
../media/cache/3c/a2/3ca2e61181fc1122658af8f85354bae8.jpg,Dark Lover (Black Dagger ...,£12.87
../media/cache/e3/b5/e3b5a3dcc2993295f5a6fb429052799c.jpg,Confessions of a Shopaholic ...,£48.94
../media/cache/57/47/57472d9c6d483bee9c38c90bfa10b3ee.jpg,Changing the Game (Play ...,£13.38
../media/cache/e3/c4/e3c4aba2409bb769a6488805e3fc4709.jpg,Candide,£58.63
../media/cache/72/73/7273ff1bfe3b0a6aab7f54ddf9be7b44.jpg,Can You Keep a ...,£21.94
../media/cache/a5/4f/a54fea8d034eba2ee4d1b8af30f1a308.jpg,Atlas Shrugged,£26.58
../media/cache/10/db/10db56354b4550d92270c6f097d9bebc.jpg,Animal Farm,£57.22
../media/cache/fa/1b/fa1b0fac146201645c740b02802e2211.jpg,A Walk to Remember,£56.43
../media/cache/83/c8/83c834b3779be4e577c37ead6d2acf65.jpg,A New Earth: Awakening ...,£55.65
../media/cache/71/91/7191a7d76eb6c3a18259541e2c038ae3.jpg,A History of God: ...,£27.62
../media/cache/ee/d3/eed3afc5e444e3da5eec34e2b0036ec7.jpg,'Salem's Lot,£49.56
../media/cache/74/52/74524b04dc99cbfc7bf5d37fcc1489ab.jpg,Zero History (Blue Ant ...,£34.77
../media/cache/93/4e/934e966c1ddf559d3ac2b5c1407aaf1e.jpg,Wuthering Heights,£17.73
../media/cache/7e/bf/7ebfa1c62b21beeaad37a6474a39cfe8.jpg,World War Z: An ...,£21.80
../media/cache/c8/41/c841873951efb18dea28162452efff58.jpg,Wild: From Lost to ...,£46.02
../media/cache/c6/7e/c67eb0d6e56c4459e8c0d45c08471a89.jpg,"Where'd You Go, Bernadette",£18.13
../media/cache/73/36/733662595aede2dff1a5be1e76a3b936.jpg,When You Are Engulfed ...,£30.89
../media/cache/f6/52/f65271ce557e9192537e24847bbb1210.jpg,We the People: The ...,£31.95
../media/cache/4d/18/4d1891e435c6692c864331c585e0d014.jpg,We Are All Completely ...,£24.04
../media/cache/61/2c/612ce7fa4cbee472392ce8721a4e863e.jpg,Walk the Edge (Thunder ...,£32.36
../media/cache/b5/d8/b5d813da01f2ccd7bcfe34e2b875e752.jpg,Voyager (Outlander #3),£21.07
../media/cache/ab/ac/abac4222af5cc296b704a0e5df82e162.jpg,Very Good Lives: The ...,£50.66
../media/cache/80/63/80631f8bca036361343fdce528725654.jpg,Vegan Vegetarian Omnivore: Dinner ...,£13.66
../media/cache/14/07/1407c2d6318956b10abd970c2e83154d.jpg,"Unstuffed: Decluttering Your Home, ...",£58.09
../media/cache/14/2f/142f99787241bb65e031a76e74e14d1b.jpg,Under the Banner of ...,£30.00
../media/cache/53/bd/53bd80b1fc1914f418dc31a9d6571cb1.jpg,Two Boys Kissing,£32.74
../media/cache/70/10/7010c24f80a4172f7405677ef0592f26.jpg,Twilight (Twilight #1),£41.93
../media/cache/a0/fa/a0fa38039f6a674a7c89dfe2be866259.jpg,Twenties Girl,£42.80
../media/cache/77/bc/77bcc3cde72998ee488ac169f7e4e540.jpg,Trespassing Across America: One ...,£53.51
../media/cache/1d/8e/1d8eb8aaebd14464fc58a681091b8d45.jpg,Three-Martini Lunch,£23.21
../media/cache/b4/a5/b4a56663d56f1e84ee1b15bd819563cc.jpg,"Thinking, Fast and Slow",£21.14
../media/cache/bf/db/bfdbf9726621276fc7821d705690dbae.jpg,The Wild Robot,£56.07
../media/cache/ee/ed/eeeddf8af9e6cc8c7f71c0e41de1b562.jpg,The Wicked + The ...,£14.41
../media/cache/13/8f/138f4cf84be250d08e1f5c1db3643dbc.jpg,The Undomestic Goddess,£45.75
../media/cache/2a/a8/2aa8afd15f97617ab75f616766161cda.jpg,The Travelers,£15.77
../media/cache/27/3d/273d4c813111bc482e8c473ebd90fbbb.jpg,The Tipping Point: How ...,£10.02
../media/cache/e0/90/e090748ce5a567207aed9185c97eb34b.jpg,The Thing About Jellyfish,£48.77
../media/cache/3a/7c/3a7c2393061031e7911d7b533b723391.jpg,The Stand,£57.86
../media/cache/8e/09/8e09faaea71886048b27959e607e6c7b.jpg,The Smitten Kitchen Cookbook,£23.59
../media/cache/3a/2c/3a2c46cd40a7ecbd7c40815d6390fb8a.jpg,The Silkworm (Cormoran Strike ...,£23.05
../media/cache/bb/18/bb1845c22faea465cad3d556d22936a2.jpg,"The Sandman, Vol. 3: ...",£55.55
../media/cache/57/9c/579cd2ca789c8a796a1864d08ee8d686.jpg,The Rose & the ...,£58.64
../media/cache/e0/4f/e04f8eda2a2fa947aec17640202d9ab0.jpg,The Road to Little ...,£23.21
../media/cache/ff/d4/ffd45d95f314555e20c923d3522adea7.jpg,The Rise of Theodore ...,£42.57
../media/cache/b8/b2/b8b2956acc758a381beef87339c0a52f.jpg,The Restaurant at the ...,£10.92
../media/cache/4d/e1/4de1d174bf4ab498788c9488c9fd29fc.jpg,The Rest Is Noise: ...,£34.77
../media/cache/b2/8f/b28f211e50e74445ca071d4279d1080d.jpg,The Red Tent,£35.66
../media/cache/95/08/9508e6b28fe4c63e67b3ef33f11eff98.jpg,The Purpose Driven Life: ...,£37.19
../media/cache/15/68/1568ef85fdb4e405b9f8bc62ef855c10.jpg,The Purest Hook (Second ...,£12.25
../media/cache/a6/72/a67245346daa38c2b23a4fc64c6e7115.jpg,The Picture of Dorian ...,£29.70
../media/cache/01/c8/01c847671683538fcf084eede54d6270.jpg,The Paris Wife,£36.80
../media/cache/24/93/2493c74c614afcc435cc00e33bd55f64.jpg,The Obsession,£45.43
../media/cache/77/aa/77aa0ef1f62a0b0b40000a81f65c4e65.jpg,The Nightingale,£26.26
../media/cache/d8/9d/d89dc869d5ea1462fd746ac6de97583f.jpg,The New Guy (and ...,£44.92
../media/cache/63/5f/635fb981e464f7427787824b20a15e71.jpg,The Nanny Diaries (Nanny ...,£52.53
../media/cache/d2/41/d241ca89679593a589a6614162ab6eb6.jpg,The Name of God ...,£37.25
../media/cache/5e/87/5e87e44785de47c2a03091deaa82330f.jpg,The Maze Runner (The ...,£20.93
../media/cache/47/e7/47e7563b0731a2b8131233f70d211f7a.jpg,The Lover's Dictionary,£58.09
../media/cache/21/bd/21bdf7ae21476b1debf4aa3eefe6f29d.jpg,The Lonely Ones,£43.59
../media/cache/39/f1/39f167dff90d7f84f5c8dc5e05d4051b.jpg,The Lean Startup: How ...,£33.92
../media/cache/bf/fd/bffd473ab232c5f35e8c81bb927f1624.jpg,The Last Painting of ...,£55.55
../media/cache/ae/93/ae93b007df22c99ea2ff2f907b06663e.jpg,"The Land of 10,000 ...",£29.64
../media/cache/9c/44/9c445b33d53b3810f1c12f4adad71a27.jpg,The Infinities,£27.41
../media/cache/f0/5b/f05be79a4b319e24819c318e35e6963c.jpg,The Husband's Secret,£52.51
../media/cache/41/74/41747f533b211d324799a03dc64ed175.jpg,The Hitchhiker's Guide to ...,£47.80
../media/cache/06/c8/06c897070611b78b80a37333cbb7851c.jpg,The Guns of August,£14.54
../media/cache/18/f7/18f7bf6366cd7a8b947fd790d808047b.jpg,The Guernsey Literary and ...,£49.53
../media/cache/fb/4d/fb4dde3351d00ef104f29aeecd2d41fb.jpg,The Goldfinch,£43.58
../media/cache/b3/ed/b3eda9490c9e2ed02c3a8650e687731b.jpg,The Giver (The Giver ...,£12.30
../media/cache/41/c7/41c74d82b853606fe98182c417b4669c.jpg,The Girl with All ...,£49.47
../media/cache/11/71/117145e4525b2e801e2cd1ba4dd70441.jpg,The Girl Who Played ...,£22.14
../media/cache/2a/a2/2aa2d8c4a8bfc1972c806ca16718e5c5.jpg,The Girl Who Kicked ...,£57.48
../media/cache/2d/1a/2d1aeb1cc8a23064164e230fa232cc04.jpg,The Exiled,£43.45
../media/cache/9d/56/9d5631724c6496b2f012fa5d2f2b6abd.jpg,The End of Faith: ...,£22.13
../media/cache/69/c8/69c83860995cde393dbe6690ec3f1d4f.jpg,"The Elegant Universe: Superstrings, ...",£13.03
../media/cache/f9/69/f969969428b505970a46272fdcea00d3.jpg,The Disappearing Spoon: And ...,£57.35
../media/cache/87/d3/87d34d376555dd0cb75030d1059cc144.jpg,The Devil Wears Prada ...,£44.29
../media/cache/4a/35/4a352dc298e4bbe6ba5f81bbc0d41ca0.jpg,The Demon-Haunted World: Science ...,£52.25
../media/cache/ec/08/ec08efebaa33a403e54080b48c139794.jpg,The Day the Crayons ...,£26.33
../media/cache/cf/d5/cfd553eaa00f4d6091c459081cd98199.jpg,The Da Vinci Code ...,£22.96
../media/cache/11/81/11815f24d043f77d4f09a3522a688a5c.jpg,The Cuckoo's Calling (Cormoran ...,£19.21
../media/cache/42/c4/42c48f11b7e70a0f76c5ba9cb5c5018a.jpg,The Complete Stories and ...,£26.78
../media/cache/e5/f2/e5f270cf4a079a7d411439abe17691e0.jpg,The Complete Poems,£41.32
../media/cache/70/f4/70f4dbf8110363f4e7ef32db0ce2a675.jpg,The Catcher in the ...,£24.55
../media/cache/9b/f1/9bf106306301a44635aa7bd381c84e4d.jpg,The Cat in the ...,£16.26
../media/cache/12/3d/123d05986974943a58c5cfa518e11e6d.jpg,The Case for Christ ...,£47.84
../media/cache/ff/a0/ffa08bf29ae0a5c9e91564dba71cde90.jpg,The Book Thief,£53.49
../media/cache/61/2c/612caeb0b2acb35c100629f0f52a40d7.jpg,The Book of Basketball: ...,£44.84
../media/cache/5e/ee/5eeecab909b9e87ddfb6e3d31078fbbf.jpg,The Blind Side: Evolution ...,£53.71
../media/cache/84/07/84074b59293cc5bf4012ef0f60e90c4f.jpg,The Autobiography of Malcolm ...,£23.43
../media/cache/96/57/9657c6d89024e343879a7b5512474f1e.jpg,The Art of Simple ...,£34.32
../media/cache/68/a6/68a6112c857e595c684f2a1a3287ba16.jpg,The Art of Fielding,£22.10
../media/cache/f8/bc/f8bcd489d33473e0819beaecccd5ebac.jpg,"Surely You're Joking, Mr. ...",£25.83
../media/cache/a0/a0/a0a013b029130df92073f547df83ee5c.jpg,Stiff: The Curious Lives ...,£36.74
../media/cache/a8/0d/a80d4310cab08a3660149fd3f2cf15c7.jpg,Spilled Milk: Based on ...,£49.51
../media/cache/6d/6d/6d6d5799190b4f9ef89f3bbc8b67d60d.jpg,Something Borrowed (Darcy & ...,£48.96
../media/cache/72/f5/72f5ed312bc82afa386c9cd48d4e36dd.jpg,Something Blue (Darcy & ...,£54.62
../media/cache/7b/96/7b96f6e11b388ee800c7fd17fe479444.jpg,Soldier (Talon #3),£24.72
../media/cache/f0/a4/f0a48c8cc6acd322eacd9d35e55d63e7.jpg,Shopaholic & Baby (Shopaholic ...,£46.45
../media/cache/35/2c/352c1a7e155c5d03d073bf8ce1564caa.jpg,Seven Days in the ...,£52.33
../media/cache/c8/63/c863c222c130a1bc8685a1242dd2523d.jpg,Seven Brief Lessons on ...,£30.60
../media/cache/b6/5c/b65c3622c0da689990fd1d7f1a0b826c.jpg,Scarlet (The Lunar Chronicles ...,£14.57
../media/cache/95/b2/95b235aeeae2d1849b78562f36e10aec.jpg,Sarah's Key,£46.29
../media/cache/d8/fd/d8fd30b3e5781e880a3efe4c9495b417.jpg,"Saga, Volume 3 (Saga ...",£21.57
../media/cache/66/c7/66c7a1537c8901e1e4ec217d1956bae8.jpg,Running with Scissors,£12.91
../media/cache/92/e4/92e4e180ba8fbde3b8ac0c1e71cfc5f4.jpg,Rogue Lawyer (Rogue Lawyer ...,£50.11
../media/cache/05/42/05428b0c7b79d0dbc521fd621e754083.jpg,Rise of the Rocket ...,£41.67
../media/cache/54/10/5410a58193e2373c04b3021ade78a82b.jpg,Rework,£44.88
../media/cache/39/a4/39a4d96a5bc75a34aae97676a4b854fa.jpg,Reservations for Two,£11.10
../media/cache/70/4e/704e81b05e56dd84ecf607ea283952db.jpg,Red: The True Story ...,£28.54
../media/cache/51/34/513418bd1c6114f3ea1fd703278e20ef.jpg,Ready Player One,£19.07
../media/cache/ee/3a/ee3aebe36d1d0fa11a95a07067294b8c.jpg,Quiet: The Power of ...,£43.55
../media/cache/c9/a5/c9a559e3ba407c1d70ebfc4e2f0d82db.jpg,Prodigy: The Graphic Novel ...,£43.63
../media/cache/14/98/14987a55d9609e706d2619814e2a8b0a.jpg,Persepolis: The Story of ...,£39.13
../media/cache/8d/72/8d7216b05e1b5edf9bdb0d2db295ca33.jpg,Packing for Mars: The ...,£56.68
../media/cache/70/37/70372ab3240019fbe2de6cd407c98675.jpg,Outliers: The Story of ...,£14.16
../media/cache/e7/29/e72934871f9b42a807d976670a446e12.jpg,Original Fake,£31.45
../media/cache/d9/ea/d9ea34aea25469189bca07af6a18790a.jpg,Orange Is the New ...,£24.61
../media/cache/4e/52/4e52f087337abef25de62845f093ed6e.jpg,One for the Money ...,£32.87
../media/cache/61/39/61393c43f7caaccaa07daccaa8530736.jpg,Notes from a Small ...,£40.17
../media/cache/e3/cc/e3ccf96311f9c1b9e9ecc80e16c05f4e.jpg,Night (The Night Trilogy ...,£13.51
../media/cache/06/81/0681530a7bc301caf5c3257e1b0f0750.jpg,Neither Here nor There: ...,£38.95
../media/cache/e7/12/e71268a559d73826aa64151d47357a12.jpg,Naked,£31.69
../media/cache/b5/f0/b5f04530d0343e763a80ef3f2dbdb386.jpg,Morning Star (Red Rising ...,£29.40
../media/cache/7c/8e/7c8ea0cef3825cc6ddae55267c55a59e.jpg,Miracles from Heaven: A ...,£57.83
../media/cache/e6/57/e6574a313ad7e6adf97a1d71318f9a7f.jpg,Midnight Riot (Peter Grant/ ...,£55.46
../media/cache/98/9f/989fe700e9e6bdec4fc3217daa5b7df3.jpg,Me Talk Pretty One ...,£57.60
../media/cache/26/b7/26b72a3c1cf2a8afdbe92fa1a1d78f41.jpg,Manuscript Found in Accra,£34.98
../media/cache/61/ba/61ba5bc1ee3d8cb3dd350120ffa3f31e.jpg,Lust & Wonder,£11.87
../media/cache/2b/99/2b99a765a013979637b4a6726bfb10f5.jpg,Lila (Gilead #3),£12.47
../media/cache/ef/8b/ef8bc5adcd3bea8e8ba97be76d07a32a.jpg,"Life, the Universe and ...",£33.26
../media/cache/80/b3/80b3e38be4204b3b64cdbe8c80dcf1f9.jpg,Life Without a Recipe,£59.04
../media/cache/59/80/59803a88c2e5dd7a2e36de1d41f7f1ae.jpg,Life After Life,£26.13
../media/cache/74/c2/74c2893188f917409ba564d46f481f77.jpg,Letter to a Christian ...,£22.20
../media/cache/78/e1/78e1b9ccc99ba11d78015f0a18f0b421.jpg,Let's Pretend This Never ...,£45.11
../media/cache/6c/6c/6c6c0984ab57d6b4f71d84dd0db0f65b.jpg,Legend (Legend #1),£43.69
../media/cache/4f/e5/4fe55bc7134401f6db04f0775ead1d4c.jpg,"Lean In: Women, Work, ...",£25.02
../media/cache/a1/03/a10370da29e4ba78c7a75a14041eae0e.jpg,Lamb: The Gospel According ...,£55.50
../media/cache/d2/c2/d2c259e13fe3097325549a14f996b462.jpg,Lady Renegades (Rebel Belle ...,£53.04
../media/cache/9a/71/9a7160b396790bd4a351522278de4f8c.jpg,Jurassic Park (Jurassic Park ...,£44.97
../media/cache/fa/36/fa3659740e31eb57775cc2647654bf11.jpg,It's Never Too Late ...,£42.38
../media/cache/6b/94/6b94e98f822a42c03c4ff0b9cfdd6e0c.jpg,Is Everyone Hanging Out ...,£20.11
../media/cache/e2/ca/e2ca3b870db8071034edea19b1da3de2.jpg,Into the Wild,£56.70
../media/cache/e3/11/e3111146083821b5a3670d869ab40d2a.jpg,Inferno (Robert Langdon #4),£41.00
../media/cache/25/82/2582a9f11ad68a30e44cc0b459383474.jpg,In the Garden of ...,£28.85
../media/cache/c3/d0/c3d0f2fb5cacbca64639a679b962e1b9.jpg,If I Run (If ...,£49.97
../media/cache/b2/df/b2df826432771838819db89c20e20609.jpg,I've Got Your Number,£19.69
../media/cache/52/7a/527a7d3b9b4928c093cadd75661bf467.jpg,I Am Malala: The ...,£28.88
../media/cache/6f/c4/6fc450625cd672e871a6176f74909be2.jpg,Hungry Girl Clean & ...,£33.14
../media/cache/43/fd/43fda1db93163d67705264dcfa98aaa5.jpg,House of Lost Worlds: ...,£43.70
../media/cache/14/25/142563ccee483bc07632f9c083a68326.jpg,House of Leaves,£54.89
../media/cache/d2/63/d26337dee5c0b13b56b7aea59d611570.jpg,Horrible Bear!,£37.52
../media/cache/4b/9a/4b9a2a6d4c995e12fe216f6173a582be.jpg,Holidays on Ice,£51.07
../media/cache/6d/b1/6db1568e09d10652593638a5f85e7202.jpg,Heir to the Sky,£44.07
../media/cache/3a/0e/3a0e75e4f758f90a80965869afbe41b4.jpg,Green Eggs and Ham ...,£10.79
../media/cache/f9/4c/f94cfc3c82abb799568d1ea029b1d3d1.jpg,"Grayson, Vol 3: Nemesis ...",£42.72
../media/cache/07/b6/07b673e7d367a5e89418bd513a8d5e72.jpg,Gratitude,£26.66
../media/cache/24/ad/24ad42075b1aa1403aef934c29c1e8ba.jpg,Gone Girl,£37.60
../media/cache/39/2f/392fedbcda7bf8f968d5e6643ea5545f.jpg,Golden (Heart of Dread ...,£42.21
../media/cache/bf/7a/bf7a5bc1d1ebac5e9b6fbb147828a123.jpg,Girl in the Blue ...,£46.83
../media/cache/7b/e7/7be75475a916d6df4edebfc5fe36c3f9.jpg,"Fruits Basket, Vol. 3 ...",£45.17
../media/cache/7d/cf/7dcf6c3b419bf7e7e3b3b8162b177869.jpg,Friday Night Lights: A ...,£51.22
../media/cache/cd/53/cd53431a069ee01572988de29ef68da5.jpg,Fire Bound (Sea Haven/Sisters ...,£21.28
../media/cache/18/d8/18d8e02c75c2ef23556c9746fae57e43.jpg,Fifty Shades Freed (Fifty ...,£15.36
../media/cache/f4/8f/f48f179d6bda290b66b2d165e0a419e6.jpg,Fellside,£38.62
../media/cache/de/86/de86d4f1563fad2ca088922fbbb2b36a.jpg,Extreme Prey (Lucas Davenport ...,£25.40
../media/cache/2d/62/2d625f26cb3bbeef851221f125b81daf.jpg,Eragon (The Inheritance Cycle ...,£43.87
../media/cache/05/f8/05f833af99c37decb506e34e36f5cdaf.jpg,Eclipse (Twilight #3),£18.74
../media/cache/7a/bc/7abccb865ecf9b0f676800b10c71cfd6.jpg,Dune (Dune #1),£54.86
../media/cache/ef/d7/efd7c316b4d60a403ba6d111fdeb2d41.jpg,Dracula,£52.62
../media/cache/fa/65/fa653fbe3a4c69227c9b79d471cee576.jpg,Do Androids Dream of ...,£51.48
../media/cache/2c/32/2c32dd01215c98fc1f6b176b6a9b3ece.jpg,Disrupted: My Misadventure in ...,£15.28
../media/cache/69/0e/690ee5b7ef94ea460861eee2e67fd787.jpg,Dead Wake: The Last ...,£39.24
../media/cache/df/95/df9520adbabbb17f22fcb3f49c69640f.jpg,"David and Goliath: Underdogs, ...",£17.81
../media/cache/af/08/af08d08c90b4df63ca5a2819a754da18.jpg,Darkfever (Fever #1),£56.02
../media/cache/51/bf/51bf575f9af355f4f9f98abe8986402a.jpg,Dark Places,£23.90
../media/cache/9a/62/9a621372fed3a80015283013d8a452cd.jpg,Crazy Rich Asians (Crazy ...,£49.13
../media/cache/e0/ae/e0ae97753a73b88b61b13b19977613dc.jpg,Counting Thyme,£10.62
../media/cache/65/7b/657b1d20ea50775c5c87e039ed8aeebc.jpg,Cosmos,£36.17
../media/cache/4d/a6/4da6939a6bbd895a5acdeabad46d1f9f.jpg,Civilization and Its Discontents,£59.95
../media/cache/4e/d2/4ed2ec75df84ba1093fc4141b29abab3.jpg,Cinder (The Lunar Chronicles ...,£26.09
../media/cache/7d/0b/7d0bb832760e81c281d8d283ba6a2b09.jpg,Catastrophic Happiness: Finding Joy ...,£37.35
../media/cache/9e/ff/9eff8b66d583e8f0ba58a0bc86de40f2.jpg,Career of Evil (Cormoran ...,£24.72
../media/cache/ce/24/ce242d3eb00bf1938d6c18e0261ef868.jpg,Breaking Dawn (Twilight #4),£35.28
../media/cache/94/c7/94c7add56827e01998189a021ec060e2.jpg,Brave Enough,£51.32
../media/cache/0b/ac/0baceb72d202880d1441a32193df6e11.jpg,Boy Meets Boy,£21.12
../media/cache/ea/ee/eaee98b302dcaf91d1122816ae553295.jpg,Born to Run: A ...,£27.35
../media/cache/5d/41/5d415bc31b1f856a2a9dc8706fd19abd.jpg,Blink: The Power of ...,£21.74
../media/cache/48/5d/485d2c4cedd639fcb005340a8d589bb3.jpg,Black Flags: The Rise ...,£40.87
../media/cache/99/48/9948564dec3ac2f9e32419911b181e37.jpg,"Black Butler, Vol. 1 ...",£49.31
../media/cache/ef/b7/efb72b546fc7cab4ba1735b4b82c5851.jpg,Big Little Lies,£22.11
../media/cache/f9/19/f919f64fc0e3642cdc604134bfd93774.jpg,Between Shades of Gray,£20.79
../media/cache/06/8c/068ccab8875670fccb8b72234370d16f.jpg,Best of My Love ...,£27.41
../media/cache/dd/6e/dd6e7b84e99f3b4b5655ea0db74af2b4.jpg,Beowulf,£38.35
../media/cache/82/06/8206f351bd1ff6f52eed515a3b366916.jpg,Beautiful Creatures (Caster Chronicles ...,£21.55
../media/cache/41/72/417255e608c389aedfb68491dae92c9c.jpg,Awkward,£38.02
../media/cache/d7/f0/d7f00033bda3779b2fd017e32e7c800c.jpg,Ash,£22.06
../media/cache/f8/be/f8be3238a1cf039a3e7d50de1d4c2cfd.jpg,Are We There Yet?,£10.66
../media/cache/71/d1/71d199b2abd878b9943dc818b77a1e72.jpg,Are We Smart Enough ...,£56.58
../media/cache/88/ba/88baf408218bf1e31626211da4329c6b.jpg,Annie on My Mind,£36.83
../media/cache/21/bf/21bf2eb0bff3134837def8bd40845ba0.jpg,And Then There Were ...,£35.01
../media/cache/25/ff/25ffbe6f0e8961a1cb2ace38a5b02279.jpg,A Walk in the ...,£30.48
../media/cache/92/02/9202adfd4bc39e4058c5b9e851ffbf5a.jpg,A Visit from the ...,£14.08
../media/cache/39/83/3983449f17095ed15a4878d6bc8114c9.jpg,A Storm of Swords ...,£31.22
../media/cache/7a/58/7a587c5814f33c0c54e8bfa0ef66d690.jpg,A Heartbreaking Work of ...,£54.29
../media/cache/b8/44/b844a77409f1d53cbb66148820abc217.jpg,8 Keys to Mental ...,£31.04
../media/cache/70/9a/709a7625e50abf3fc3f26c0396a62131.jpg,#GIRLBOSS,£50.96
../media/cache/ee/c3/eec3857d573218bfd22b23b80bfe740e.jpg,The Suffragettes (Little Black ...,£11.89
../media/cache/75/46/7546899e546c4aa11b501c0c41060727.jpg,The Sense of an ...,£31.38
../media/cache/e3/ae/e3ae48fe07d77611b49b5b78d99418ae.jpg,"The Sandman, Vol. 2: ...",£54.81
../media/cache/f2/c9/f2c952cfbce6ab5d8400a0bb8ee4eb5c.jpg,The Course of Love,£16.78
../media/cache/c3/a9/c3a90a5baa833a37c29c4b03a444737c.jpg,Sugar Rush (Offensive Line ...,£24.42
../media/cache/1a/eb/1aeb5d30809ad96d7c323228a2bd23d3.jpg,"Saga, Volume 2 (Saga ...",£11.75
../media/cache/91/e6/91e6190dcdd7d6cdeb94a82b60917ec4.jpg,"Run, Spot, Run: The ...",£20.02
../media/cache/5a/1f/5a1fa3ec68add137878b42243813263d.jpg,New Moon (Twilight #2),£12.86
../media/cache/99/97/9997eda658c2fe50e724171f9c2a2b0b.jpg,Life,£31.58
../media/cache/3e/49/3e49769bf9bf83d3bb25c6f93a7fcca2.jpg,Kindle Paperwhite User's Guide,£34.00
../media/cache/78/3c/783c89d21306b712d832dbac267b786a.jpg,H is for Hawk,£57.42
../media/cache/e0/22/e0221ab11b1d093a2d03927b4962c544.jpg,Girl Online On Tour ...,£53.47
../media/cache/e9/fb/e9fb3236b73384253144f89b6eec6a68.jpg,"Fruits Basket, Vol. 2 ...",£11.64
../media/cache/47/16/47160ff71abe23cb52968b3d1b9b7988.jpg,Diary of a Minecraft ...,£52.88
../media/cache/ae/16/ae169bb5ae814e0fb900cdf9e99332a7.jpg,"Y: The Last Man, ...",£18.51
../media/cache/45/e8/45e87bcad554d79eadf0f89df9cac6f9.jpg,While You Were Mine,£41.32
../media/cache/73/d9/73d948af3f2adb6dd693ff4bd43e7760.jpg,Where Lightning Strikes (Bleeding ...,£39.77
../media/cache/13/a3/13a361d57f2b6021b2ae395a6fedd475.jpg,When I'm Gone,£51.96
../media/cache/a8/3a/a83a4d31d30dc3cb26a29899a5c3b91d.jpg,Ways of Seeing,£39.51
../media/cache/4b/97/4b972f89c11900ac0e84726d1f07bfcc.jpg,"Vampire Knight, Vol. 1 ...",£15.40
../media/cache/ea/55/ea5547a00ad163902faba6929369bc77.jpg,Vampire Girl (Vampire Girl ...,£53.82
../media/cache/df/ab/dfab1d94f9190df7c13b63a093a6d16e.jpg,Twenty Love Poems and ...,£30.95
../media/cache/ff/60/ff60e98e3da9c76d6f65b26bd7142d94.jpg,Travels with Charley: In ...,£57.82
../media/cache/c7/21/c721943edf481cad5ab32505e2ad3865.jpg,Three Wishes (River of ...,£44.18
../media/cache/9b/06/9b061431c4fbb98cc18068a523a49988.jpg,This One Moment (Pushing ...,£48.71
../media/cache/1a/2d/1a2d5e478c6b33738ff17e7acfbd8b66.jpg,The Zombie Room,£19.69
../media/cache/64/75/64752f8cdae54b164fb81bfd81accd55.jpg,The Wicked + The ...,£36.52
../media/cache/db/f4/dbf4f5d4e7c0364b078aa5ce7e196853.jpg,The Tumor,£41.56
../media/cache/ab/16/ab16eb035cc58809a73c4699477de9cb.jpg,The Story of Hong ...,£43.19
../media/cache/9b/a3/9ba37429e4a2307fe0b2f4f4162dd636.jpg,The Silent Wife,£12.34
../media/cache/a0/7b/a07b53e1708f9055145aa1ec3af8608d.jpg,The Silent Twin (Detective ...,£36.25
../media/cache/08/14/0814f26516fb72b7391d0a742b5928a2.jpg,The Selfish Gene,£29.45
../media/cache/69/d2/69d225899cce0a150c605ead01e02f60.jpg,The Secret Healer,£34.56
../media/cache/56/ea/56eac75378feb4cab0dcb9d2101cf58b.jpg,"The Sandman, Vol. 1: ...",£54.12
../media/cache/7b/2c/7b2cb77c4608fce189caebaa842e135d.jpg,The Republic,£33.78
../media/cache/0d/e8/0de8211253c4131e0caf9e8528d99443.jpg,The Odyssey,£29.64
../media/cache/34/2e/342ec55d460f3dd49d77dac2bd4ff489.jpg,The No. 1 Ladies' ...,£57.70
../media/cache/f0/aa/f0aa9ae0319b1d6e0706e6053020e696.jpg,The Nicomachean Ethics,£36.34
../media/cache/6a/b3/6ab3616e7495ef64b1546a178cf8a9e7.jpg,The Name of the ...,£50.59
../media/cache/84/a8/84a85a5ecca2bdc17e219241938ebdba.jpg,The Mirror & the ...,£29.38
../media/cache/c0/78/c078355608dd81c7c5e4f5e1c5f73d23.jpg,The Little Prince,£45.42
../media/cache/17/8e/178e6e1cee8e5980e31148ea10a7321f.jpg,The Light of the ...,£54.43
../media/cache/da/47/da4746e620f8ccd7cf20628d1a5e535a.jpg,The Last Girl (The ...,£36.26
../media/cache/b4/49/b449e504e387b69322d85e76a57ab60f.jpg,The Iliad,£16.16
../media/cache/38/f1/38f1543cd2d51c2728678f5ecc128958.jpg,The Hook Up (Game ...,£36.29
../media/cache/4c/e9/4ce9f937ac784ae0b377bcbf2a38a8b2.jpg,The Haters,£27.89
../media/cache/90/0d/900dba6987796f4312a6a6737b0ea94d.jpg,The Girl You Lost,£12.29
../media/cache/d8/f7/d8f77fe7f4bb8610e903741441f84702.jpg,The Girl In The ...,£15.85
../media/cache/fe/47/fe47782c4f8194a4d93ec1381108be88.jpg,The End of the ...,£14.40
../media/cache/db/34/db341aa83daa76cd9f9bd2c86ccb5dba.jpg,The Edge of Reason ...,£19.18
../media/cache/a6/f8/a6f889e0ba02be31875d3a324090ef5e.jpg,The Complete Maus (Maus ...,£10.64
../media/cache/bb/cd/bbcd1a94ebc9fb56f8d079df4557f8e2.jpg,The Communist Manifesto,£14.76
../media/cache/4e/69/4e69dacc99de838814d0f65c94e67f6c.jpg,The Bhagavad Gita,£57.49
../media/cache/23/08/2308bf77130cf0a917642d82dbf4be05.jpg,The Bette Davis Club,£30.66
../media/cache/37/26/3726bb1bf30241b6d6f8c8488ad70989.jpg,The Art of Not ...,£40.83
../media/cache/ea/92/ea92404bce04a4bc76f3ed9c5344b2bf.jpg,Taking Shots (Assassins #1),£18.88
../media/cache/b4/9e/b49e66e8f446d9a3dae488955f2aa487.jpg,Starlark,£25.83
../media/cache/6c/60/6c607509837e2b362ffd7c0e15e7b1f9.jpg,"Skip Beat!, Vol. 01 ...",£42.12
../media/cache/2c/89/2c89c4c5528ab4b9101701437953df75.jpg,Sister Sable (The Mad ...,£13.33
../media/cache/f0/31/f031254cafbdff0092c76c8dcba24139.jpg,Shatter Me (Shatter Me ...,£42.40
../media/cache/a2/19/a2198abf12e3287f84997b35f4e1050e.jpg,Shameless,£58.35
../media/cache/7a/0d/7a0d52ec06a57c117c0b99c7980756e7.jpg,Shadow Rites (Jane Yellowrock ...,£21.72
../media/cache/9b/4e/9b4ece2ab5a6335c8594c878e2f22df1.jpg,Settling the Score (The ...,£44.91
../media/cache/7d/53/7d53e2264b9647ee307259be9f73585d.jpg,Sense and Sensibility,£37.46
../media/cache/c6/ca/c6cab3f679acb45fd2eba092ec9f6a2a.jpg,"Saga, Volume 1 (Saga ...",£28.48
../media/cache/43/85/4385ee0304bc3546f2b6eaa75c46d4f8.jpg,"Rhythm, Chord & Malykhin",£28.34
../media/cache/0d/22/0d22f9ee696b7443d1573e7752645c6d.jpg,"Rat Queens, Vol. 1: ...",£46.96
../media/cache/66/f9/66f9edebe41032584e08dcf2fc27b8b4.jpg,Paradise Lost (Paradise #1),£24.96
../media/cache/87/2b/872ba3b06a97e6662770bc2152595b84.jpg,"Paper Girls, Vol. 1 ...",£21.71
../media/cache/d5/c5/d5c5a6ebf05b68bee78a38a8ea62305d.jpg,Ouran High School Host ...,£29.87
../media/cache/12/9b/129b70d7b45d78a26459e7445e0e13e2.jpg,Origins (Alphas 0.5),£28.99
../media/cache/3f/f3/3ff3f7a0f3c949bb7adbe5f7fe80b9ab.jpg,One Second (Seven #7),£52.94
../media/cache/b8/3e/b83e5f1b9c1dcfe0ef05cff4b080e0fa.jpg,On the Road (Duluoz ...,£32.36
../media/cache/7e/94/7e947f3dd04f178175b85123829467a9.jpg,Old Records Never Die: ...,£55.66
../media/cache/03/ed/03ed67ea504353b91b035151d8e80db2.jpg,Off Sides (Off #1),£39.45
../media/cache/0f/ca/0fca4597765ffacdb7bd529fc5eb88fa.jpg,Of Mice and Men,£47.11
../media/cache/6b/fa/6bfae8a489ff53f50467705c1e6fff19.jpg,Myriad (Prentor #1),£58.75
../media/cache/0d/03/0d03eb55ed070a53b6c4b6eedd48b458.jpg,My Perfect Mistake (Over ...,£38.92
../media/cache/f4/96/f496db4d78639e233978ae2bee021752.jpg,"Ms. Marvel, Vol. 1: ...",£39.39
../media/cache/df/c9/dfc9ed72e963572d23233b3a8cb01676.jpg,Meditations,£25.89
../media/cache/03/47/0347bd215f4813edd81c2cd76bab53ca.jpg,Matilda,£28.34
../media/cache/5a/40/5a40d914bc3491e5909f1167f9cb34f2.jpg,Lost Among the Living,£27.70
../media/cache/33/73/3373a168b588e3fb19c558a21da71ac9.jpg,Lord of the Flies,£24.89
../media/cache/00/dd/00dd43f59d255cbc16e9d9c9ed20a997.jpg,Listen to Me (Fusion ...,£58.99
../media/cache/5e/37/5e379c1cc7003127bc74257a1b721540.jpg,Kitchens of the Great ...,£57.20
../media/cache/0b/9b/0b9bd2c1de5ec402b2c797b53e5257f6.jpg,Jane Eyre,£38.43
../media/cache/fb/29/fb299a516730a2f2602b10f945f7a8e5.jpg,Imperfect Harmony,£34.74
../media/cache/8d/1e/8d1e285bf672b2ea66879490cc5f6904.jpg,Icing (Aces Hockey #2),£40.44
../media/cache/16/46/16460146a1a8b99c82da027368383ade.jpg,"Hawkeye, Vol. 1: My ...",£45.24
../media/cache/f4/83/f4835e9f3fdd8b8107bbb39a391654f0.jpg,Having the Barbarian's Baby ...,£34.96
../media/cache/35/0b/350b1224dc46533851d5a34134e44842.jpg,"Giant Days, Vol. 1 ...",£56.76
../media/cache/7c/c1/7cc13a8fb238202250e87843c1a62f94.jpg,"Fruits Basket, Vol. 1 ...",£40.28
../media/cache/00/25/0025515e987a1ebd648773f9ac70bfe6.jpg,Frankenstein,£38.00
../media/cache/7f/b0/7fb03a053c270000667a50dd8d594843.jpg,Forever Rockers (The Rocker ...,£28.80
../media/cache/57/e2/57e255929f6e597c18cb3843904cd92b.jpg,Fighting Fate (Fighting #6),£39.24
../media/cache/09/63/09638baaef52f03827c215029c632a13.jpg,Emma,£32.93
../media/cache/21/95/2195c296e82620593a143356aeaa7745.jpg,"Eat, Pray, Love",£51.32
../media/cache/74/e4/74e4ec43c40926c7b57fc0fe0f397183.jpg,Deep Under (Walker Security ...,£47.09
../media/cache/df/ab/dfabeab158046237ddb6b713b794909f.jpg,Choosing Our Religion: The ...,£28.42
../media/cache/d6/cc/d6cc0c66e34dfc214b406208bbaf18e2.jpg,Charlie and the Chocolate ...,£22.85
../media/cache/39/e0/39e008f84bbd24b49a7532c2024b855e.jpg,Charity's Cross (Charles Towne ...,£41.24
../media/cache/12/43/1243e7eb614f57f0e4cfee80553fa312.jpg,Bright Lines,£39.07
../media/cache/0c/32/0c329cbd2adf4e0dc825f892106673b2.jpg,Bridget Jones's Diary (Bridget ...,£29.82
../media/cache/80/ff/80ff924ed78cd7c5172410d0d92f8dfe.jpg,Bounty (Colorado Mountain #7),£37.26
../media/cache/cb/f6/cbf6d4b61953f29d7eedd2c9e01a9d74.jpg,Blood Defense (Samantha Brinkman ...,£20.30
../media/cache/a8/38/a8383903c98af18b898b9d70d5be2c16.jpg,"Bleach, Vol. 1: Strawberry ...",£34.65
../media/cache/ab/45/ab45f300aa15066ad1260d6f1398d03e.jpg,Beyond Good and Evil,£43.38
../media/cache/96/ee/96ee77d71a31b7694dac6855f6affe4e.jpg,Alice in Wonderland (Alice's ...,£55.53
../media/cache/09/7c/097cb5ecc6fb3fbe1690cf0cbdea4ac5.jpg,"Ajin: Demi-Human, Volume 1 ...",£57.06
../media/cache/1b/5f/1b5ff86f3c75e51e24c573d3f8bffd8f.jpg,A Spy's Devotion (The ...,£16.97
../media/cache/2b/41/2b4161c5b72a4ae386b644682361b34a.jpg,1st to Die (Women's ...,£53.98
../media/cache/d7/0f/d70f7edd92705c45a82118c3ff6c299d.jpg,"1,000 Places to See ...",£26.08
