Img,Name,Location,Rating
"https://images.static-collegedunia.com/public/college_data/images/appImage/1509430807cover.jpg?tr=w-305,h-145,c-force","INDIAN INSTITUTE OF TECHNOLOGY MADRAS - [IITM], CHENNAI","CHENNAI, TAMIL NADU",8.7 / 10
"https://images.static-collegedunia.com/public/college_data/images/appImage/25455_IITDelhi_New.jpg?tr=w-305,h-145,c-force","INDIAN INSTITUTE OF TECHNOLOGY - [IIT], NEW DELHI","NEW DELHI, DELHI NCR",8.8 / 10
"https://images.static-collegedunia.com/public/college_data/images/appImage/1593580888universitypic.jpg?tr=w-305,h-145,c-force","CHANDIGARH UNIVERSITY - [CU], CHANDIGARH","CHANDIGARH, CHANDIGARH",8.6 / 10
"https://images.static-collegedunia.com/public/college_data/images/appImage/25703_IIT_New.jpg?tr=w-305,h-145,c-force","IIT BOMBAY - INDIAN INSTITUTE OF TECHNOLOGY, MUMBAI","MUMBAI, MAHARASHTRA",8.8 / 10
"https://images.static-collegedunia.com/public/college_data/images/appImage/25617_MANIPAL.jpg?tr=w-305,h-145,c-force","MANIPAL ACADEMY OF HIGHER EDUCATION - [MAHE], MANIPAL","MANIPAL, KARNATAKA",8.4 / 10
"https://images.static-collegedunia.com/public/college_data/images/appImage/1488973535e1.jpg?tr=w-305,h-145,c-force","INDIAN INSTITUTE OF TECHNOLOGY - [IIT], KHARAGPUR","KHARAGPUR, WEST BENGAL",8.5 / 10
"https://images.static-collegedunia.com/public/college_data/images/appImage/25948_IITK_New.jpg?tr=w-305,h-145,c-force","INDIAN INSTITUTE OF TECHNOLOGY - [IIT], KANPUR","KANPUR, UTTAR PRADESH",8.9 / 10
"https://images.static-collegedunia.com/public/college_data/images/appImage/25992_IITR_New.jpg?tr=w-305,h-145,c-force","INDIAN INSTITUTE OF TECHNOLOGY - [IIT], ROORKEE","ROORKEE, UTTARAKHAND",8.4 / 10
"https://images.static-collegedunia.com/public/college_data/images/appImage/25800_BITS_App.jpg?tr=w-305,h-145,c-force","BIRLA INSTITUTE OF TECHNOLOGY AND SCIENCE - [BITS], PILANI","PILANI, RAJASTHAN",8.8 / 10
"https://images.static-collegedunia.com/public/college_data/images/placeholder_300X223.png?tr=w-305,h-145,c-force","INDIAN INSTITUTE OF TECHNOLOGY - [IIT], GUWAHATI","GUWAHATI, ASSAM",8.5 / 10
"https://images.static-collegedunia.com/public/college_data/images/placeholder_300X223.png?tr=w-305,h-145,c-force","INDIAN INSTITUTE OF TECHNOLOGY - [IIT], HYDERABAD","HYDERABAD, TELANGANA",8.4 / 10
"https://images.static-collegedunia.com/public/college_data/images/placeholder_300X223.png?tr=w-305,h-145,c-force","COLLEGE OF ENGINEERING, ANNA UNIVERSITY - [CEG], CHENNAI","CHENNAI, TAMIL NADU",8.3 / 10
"https://images.static-collegedunia.com/public/college_data/images/placeholder_300X223.png?tr=w-305,h-145,c-force","NIT TRICHY, TIRUCHIRAPPALLI","TIRUCHIRAPPALLI, TAMIL NADU",8.4 / 10
"https://images.static-collegedunia.com/public/college_data/images/placeholder_300X223.png?tr=w-305,h-145,c-force","INDIAN INSTITUTE OF TECHNOLOGY - [IIT BHU], VARANASI","VARANASI, UTTAR PRADESH",8.4 / 10
"https://images.static-collegedunia.com/public/college_data/images/placeholder_300X223.png?tr=w-305,h-145,c-force","INSTITUTE OF CHEMICAL TECHNOLOGY - [ICT], MUMBAI","MUMBAI, MAHARASHTRA",8.6 / 10
"https://images.static-collegedunia.com/public/college_data/images/placeholder_300X223.png?tr=w-305,h-145,c-force","INDIAN INSTITUTE OF TECHNOLOGY - [IIT], INDORE","INDORE, MADHYA PRADESH",8.1 / 10
"https://images.static-collegedunia.com/public/college_data/images/placeholder_300X223.png?tr=w-305,h-145,c-force","JADAVPUR UNIVERSITY - [JU], KOLKATA","KOLKATA, WEST BENGAL",8.4 / 10
"https://images.static-collegedunia.com/public/college_data/images/placeholder_300X223.png?tr=w-305,h-145,c-force","INDIAN INSTITUTE OF TECHNOLOGY - [IIT], DHANBAD","DHANBAD, JHARKHAND",8 / 10
"https://images.static-collegedunia.com/public/college_data/images/placeholder_300X223.png?tr=w-305,h-145,c-force","NATIONAL INSTITUTE OF TECHNOLOGY - [NIT], ROURKELA","ROURKELA, ORISSA",8.3 / 10
"https://images.static-collegedunia.com/public/college_data/images/placeholder_300X223.png?tr=w-305,h-145,c-force","INDIAN INSTITUTE OF TECHNOLOGY - [IIT], BHUBANESWAR","BHUBANESWAR, ORISSA",7.5 / 10
"https://images.static-collegedunia.com/public/college_data/images/placeholder_300X223.png?tr=w-305,h-145,c-force","VELLORE INSTITUTE OF TECHNOLOGY - [VIT UNIVERSITY], VELLORE","VELLORE, TAMIL NADU",8.3 / 10
"https://images.static-collegedunia.com/public/college_data/images/placeholder_300X223.png?tr=w-305,h-145,c-force","INDIAN INSTITUTE OF ENGINEERING SCIENCE AND TECHNOLOGY - [IIEST] SHIBPUR, HOWRAH","HOWRAH, WEST BENGAL",7.9 / 10
"https://images.static-collegedunia.com/public/college_data/images/placeholder_300X223.png?tr=w-305,h-145,c-force","INDIAN INSTITUTE OF TECHNOLOGY - [IIT], MANDI","MANDI, HIMACHAL PRADESH",7.8 / 10
"https://images.static-collegedunia.com/public/college_data/images/placeholder_300X223.png?tr=w-305,h-145,c-force","NATIONAL INSTITUTE OF TECHNOLOGY - [NITK], SURATHKAL","SURATHKAL, KARNATAKA",8.4 / 10
"https://images.static-collegedunia.com/public/college_data/images/appImage/1491982439ainmg.jpg?tr=w-305,h-145,c-force","INDIAN INSTITUTE OF TECHNOLOGY - [IIT], PATNA","PATNA, BIHAR",8 / 10
"https://images.static-collegedunia.com/public/college_data/images/appImage/1534936289thaparcover.jpg?tr=w-305,h-145,c-force","THAPAR INSTITUTE OF ENGINEERING AND TECHNOLOGY - [THAPAR], PATIALA","PATIALA, PUNJAB",8.2 / 10
"https://images.static-collegedunia.com/public/college_data/images/appImage/25495_IITG_NEW.jpg?tr=w-305,h-145,c-force","INDIAN INSTITUTE OF TECHNOLOGY - [IIT], GANDHI NAGAR","GANDHI NAGAR, GUJARAT",8.5 / 10
"https://images.static-collegedunia.com/public/college_data/images/appImage/15075391911443173798NITWNew.jpg?tr=w-305,h-145,c-force","NATIONAL INSTITUTE OF TECHNOLOGY - [NIT], WARANGAL","WARANGAL, TELANGANA",8.4 / 10
"https://images.static-collegedunia.com/public/college_data/images/appImage/25460_JMI_APP.jpg?tr=w-305,h-145,c-force","JAMIA MILLIA ISLAMIA UNIVERSITY-[JMI], NEW DELHI","NEW DELHI, DELHI NCR",7.9 / 10
"https://images.static-collegedunia.com/public/college_data/images/appImage/1509520478cvrnew1.png?tr=w-305,h-145,c-force","NATIONAL INSTITUTE OF TECHNOLOGY - [NITC], CALICUT","CALICUT, KERALA",8 / 10
"https://images.static-collegedunia.com/public/college_data/images/appImage/25786_IIT_New.jpg?tr=w-305,h-145,c-force","INDIAN INSTITUTE OF TECHNOLOGY - [IIT], ROPAR","ROPAR, PUNJAB",8.5 / 10
"https://images.static-collegedunia.com/public/college_data/images/appImage/25642_IIST.jpg?tr=w-305,h-145,c-force","INDIAN INSTITUTE OF SPACE SCIENCE AND TECHNOLOGY - [IIST], THIRUVANANTHAPURAM","THIRUVANANTHAPURAM, KERALA",8.1 / 10
"https://images.static-collegedunia.com/public/college_data/images/appImage/25733_VNIT_New.jpg?tr=w-305,h-145,c-force","VISVESVARAYA NATIONAL INSTITUTE OF TECHNOLOGY - [VNIT], NAGPUR","NAGPUR, MAHARASHTRA",8.1 / 10
"https://images.static-collegedunia.com/public/college_data/images/appImage/1597150278unnamed.jpg?tr=w-305,h-145,c-force","INSTITUTE OF TECHNICAL EDUCATION AND RESEARCH - [ITER], BHUBANESWAR","BHUBANESWAR, ORISSA",8.1 / 10
"https://images.static-collegedunia.com/public/college_data/images/appImage/1507626182ggggggggggg.jpg?tr=w-305,h-145,c-force","BIRLA INSTITUTE OF TECHNOLOGY - [BIT MESRA], RANCHI","RANCHI, JHARKHAND",8 / 10
"https://images.static-collegedunia.com/public/college_data/images/appImage/1491801988cover..jpg?tr=w-305,h-145,c-force","DELHI TECHNOLOGICAL UNIVERSITY - [DTU], NEW DELHI","NEW DELHI, DELHI NCR",8.2 / 10
"https://images.static-collegedunia.com/public/college_data/images/appImage/14973308071443084987AMITYNOIDANEW.jpg?tr=w-305,h-145,c-force","AMITY UNIVERSITY, NOIDA","NOIDA, UTTAR PRADESH",8.2 / 10
"https://images.static-collegedunia.com/public/college_data/images/appImage/28254_cover1.jpg?tr=w-305,h-145,c-force","SRM ENGINEERING COLLEGE, KANCHIPURAM","KANCHIPURAM, TAMIL NADU",7.2 / 10
"https://images.static-collegedunia.com/public/college_data/images/appImage/14867_SSNEC_NEW.jpg?tr=w-305,h-145,c-force","SSN COLLEGE OF ENGINEERING - [SSNCE], CHENNAI","CHENNAI, TAMIL NADU",8.6 / 10
"https://images.static-collegedunia.com/public/college_data/images/appImage/1507785384cover.jpg?tr=w-305,h-145,c-force","SASTRA UNIVERSITY, THANJAVUR","THANJAVUR, TAMIL NADU",8.1 / 10
"https://images.static-collegedunia.com/public/college_data/images/appImage/25357_00.jpg?tr=w-305,h-145,c-force","INTERNATIONAL INSTITUTE OF INFORMATION TECHNOLOGY - [IIIT], HYDERABAD","HYDERABAD, TELANGANA",8.3 / 10
"https://images.static-collegedunia.com/public/college_data/images/appImage/1504180374cover.jpg?tr=w-305,h-145,c-force","ALIGARH MUSLIM UNIVERSITY - [AMU], ALIGARH","ALIGARH, UTTAR PRADESH",8.3 / 10
"https://images.static-collegedunia.com/public/college_data/images/appImage/25540_NITKURUKSHETRA_APP.jpg?tr=w-305,h-145,c-force","NATIONAL INSTITUTE OF TECHNOLOGY - [NIT], KURUKSHETRA","KURUKSHETRA, HARYANA",8.1 / 10
"https://images.static-collegedunia.com/public/college_data/images/appImage/1503636333cover.jpg?tr=w-305,h-145,c-force","MNNIT ALLAHABAD - MOTILAL NEHRU NATIONAL INSTITUTE OF TECHNOLOGY - [MNNIT], ALLAHABAD","ALLAHABAD, UTTAR PRADESH",7.9 / 10
"https://images.static-collegedunia.com/public/college_data/images/appImage/1486707099d3.jpg?tr=w-305,h-145,c-force","MANIPAL INSTITUTE OF TECHNOLOGY - [MIT], MANIPAL","MANIPAL, KARNATAKA",8.6 / 10
"https://images.static-collegedunia.com/public/college_data/images/appImage/1507718984cvr.png?tr=w-305,h-145,c-force","P.S.G COLLEGE OF TECHNOLOGY - [PSGCT], COIMBATORE","COIMBATORE, TAMIL NADU",8.8 / 10
"https://images.static-collegedunia.com/public/college_data/images/appImage/25359_scd2.jpeg?tr=w-305,h-145,c-force","JAWAHARLAL NEHRU TECHNOLOGICAL UNIVERSITY - [JNTUH], HYDERABAD","HYDERABAD, TELANGANA",8 / 10
"https://images.static-collegedunia.com/public/college_data/images/appImage/26009_NITD.jpg?tr=w-305,h-145,c-force","NATIONAL INSTITUTE OF TECHNOLOGY - [NIT], DURGAPUR","DURGAPUR, WEST BENGAL",7.7 / 10
"https://images.static-collegedunia.com/public/college_data/images/appImage/1550645616about400.jpg?tr=w-305,h-145,c-force","SATHYABAMA INSTITUTE OF SCIENCE AND TECHNOLOGY, CHENNAI","CHENNAI, TAMIL NADU",7.8 / 10
"https://images.static-collegedunia.com/public/college_data/images/appImage/14878534504.jpg?tr=w-305,h-145,c-force","KALINGA INSTITUTE OF INDUSTRIAL TECHNOLOGY - [KIIT], BHUBANESWAR","BHUBANESWAR, ORISSA",8.6 / 10
"https://images.static-collegedunia.com/public/college_data/images/appImage/28215_ENGINEERING_NEW.jpg?tr=w-305,h-145,c-force","COLLEGE OF ENGINEERING - [COEP], PUNE","PUNE, MAHARASHTRA",8.6 / 10
"https://images.static-collegedunia.com/public/college_data/images/appImage/1509099128ddddddddddddddddddddddd.png?tr=w-305,h-145,c-force","INDIAN INSTITUTE OF TECHNOLOGY - [IIT], JODHPUR","JODHPUR, RAJASTHAN",8.2 / 10
"https://images.static-collegedunia.com/public/college_data/images/appImage/1507878028chgchgcvhgcvgh.png?tr=w-305,h-145,c-force","NATIONAL INSTITUTE OF TECHNOLOGY - [NIT], SILCHAR","SILCHAR, ASSAM",8.1 / 10
"https://images.static-collegedunia.com/public/college_data/images/appImage/25362_hm.png?tr=w-305,h-145,c-force","K L UNIVERSITY - [KLU], GUNTUR","GUNTUR, ANDHRA PRADESH",8.3 / 10
"https://images.static-collegedunia.com/public/college_data/images/appImage/1505911297cover.jpg?tr=w-305,h-145,c-force","MALAVIYA NATIONAL INSTITUTE OF TECHNOLOGY - [MNIT], JAIPUR","JAIPUR, RAJASTHAN",8.2 / 10
"https://images.static-collegedunia.com/public/college_data/images/appImage/25423_PU_New.jpg?tr=w-305,h-145,c-force","PANJAB UNIVERSITY - [PU], CHANDIGARH","CHANDIGARH, CHANDIGARH",7.7 / 10
"https://images.static-collegedunia.com/public/college_data/images/appImage/25457_IIIDELHI.jpg?tr=w-305,h-145,c-force","INDRAPRASTHA INSTITUTE OF INFORMATION TECHNOLOGY - [IIITD], NEW DELHI","NEW DELHI, DELHI NCR",8.7 / 10
"https://images.static-collegedunia.com/public/college_data/images/appImage/15475_TCE_New.jpg?tr=w-305,h-145,c-force","THIAGARAJAR COLLEGE OF ENGINEERING - [TCE], MADURAI","MADURAI, TAMIL NADU",8.5 / 10
"https://images.static-collegedunia.com/public/college_data/images/appImage/25693_X20.jpg?tr=w-305,h-145,c-force","DEFENCE INSTITUTE OF ADVANCED TECHNOLOGY - [DIAT], PUNE","PUNE, MAHARASHTRA",8.8 / 10
"https://images.static-collegedunia.com/public/college_data/images/appImage/25509_SVNIT_APP.jpg?tr=w-305,h-145,c-force","SARDAR VALLABHBHAI NATIONAL INSTITUTE OF TECHNOLOGY - [SVNIT], SURAT","SURAT, GUJARAT",8 / 10
"https://images.static-collegedunia.com/public/college_data/images/appImage/28408_tech%20cover.png?tr=w-305,h-145,c-force","ANDHRA UNIVERSITY, COLLEGE OF ENGINEERING - [AUCE], VISAKHAPATNAM","VISAKHAPATNAM, ANDHRA PRADESH",7.6 / 10
"https://images.static-collegedunia.com/public/college_data/images/appImage/25564_NITHAMIRPUR_APP.jpg?tr=w-305,h-145,c-force","NATIONAL INSTITUTE OF TECHNOLOGY - [NIT], HAMIRPUR","HAMIRPUR, HIMACHAL PRADESH",8.2 / 10
"https://images.static-collegedunia.com/public/college_data/images/appImage/25883_academic.jpg?tr=w-305,h-145,c-force","KALASALINGAM ACADEMY OF RESEARCH AND EDUCATION, KRISHNANKOVIL","KRISHNANKOVIL, TAMIL NADU",7.7 / 10
"https://images.static-collegedunia.com/public/college_data/images/appImage/25679_MANIT_APP.jpg?tr=w-305,h-145,c-force","MAULANA AZAD NATIONAL INSTITUTE OF TECHNOLOGY - [MANIT], BHOPAL","BHOPAL, MADHYA PRADESH",7.7 / 10
"https://images.static-collegedunia.com/public/college_data/images/appImage/1601467085Cover.jpg?tr=w-305,h-145,c-force","R V COLLEGE OF ENGINEERING - [RVCE], BANGALORE","BANGALORE, KARNATAKA",8.5 / 10
"https://images.static-collegedunia.com/public/college_data/images/appImage/1489660831MSRITCampus.jpg?tr=w-305,h-145,c-force","RAMAIAH INSTITUTE OF TECHNOLOGY - [RIT], BANGALORE","BANGALORE, KARNATAKA",8.4 / 10
"https://images.static-collegedunia.com/public/college_data/images/appImage/25604_IIITB_APP.jpg?tr=w-305,h-145,c-force","INTERNATIONAL INSTITUTE OF INFORMATION TECHNOLOGY - [IIIT-B], BANGALORE","BANGALORE, KARNATAKA",8.7 / 10
"https://images.static-collegedunia.com/public/college_data/images/appImage/14452_NITIE_New.jpg?tr=w-305,h-145,c-force","NATIONAL INSTITUTE OF INDUSTRIAL ENGINEERING - [NITIE], MUMBAI","MUMBAI, MAHARASHTRA",8.5 / 10
"https://images.static-collegedunia.com/public/college_data/images/appImage/25743_NITMEGALAYA_APP.jpg?tr=w-305,h-145,c-force","NATIONAL INSTITUTE OF TECHNOLOGY - [NIT] MEGHALAYA, SHILLONG","SHILLONG, MEGHALAYA",7.3 / 10
"https://images.static-collegedunia.com/public/college_data/images/appImage/1589976777Cover.jpg?tr=w-305,h-145,c-force","COIMBATORE INSTITUTE OF TECHNOLOGY - [CIT], COIMBATORE","COIMBATORE, TAMIL NADU",7.9 / 10
"https://images.static-collegedunia.com/public/college_data/images/appImage/15039118081444130911BMSCENew.jpg?tr=w-305,h-145,c-force","BMS COLLEGE OF ENGINEERING - [BMSCE], BANGALORE","BANGALORE, KARNATAKA",8.2 / 10
"https://images.static-collegedunia.com/public/college_data/images/appImage/25916_NITAGARTALA1_APP.jpg?tr=w-305,h-145,c-force","NATIONAL INSTITUTE OF TECHNOLOGY - [NIT], AGARTALA","AGARTALA, TRIPURA",7.9 / 10
"https://images.static-collegedunia.com/public/college_data/images/appImage/5563_COET_APP.jpg?tr=w-305,h-145,c-force","COLLEGE OF ENGINEERING, TRIVANDRUM","TRIVANDRUM, KERALA",8.3 / 10
"https://images.static-collegedunia.com/public/college_data/images/appImage/158279988515033093821443272089KUNew.jpg?tr=w-305,h-145,c-force","KARUNYA INSTITUTE OF TECHNOLOGY AND SCIENCES - [KARUNYA DEEMED UNIVERSITY], COIMBATORE","COIMBATORE, TAMIL NADU",7.8 / 10
"https://images.static-collegedunia.com/public/college_data/images/appImage/25450_1.jpg?tr=w-305,h-145,c-force","GURU GOBIND SINGH INDRAPRASTHA UNIVERSITY - [GGSIPU], NEW DELHI","NEW DELHI, DELHI NCR",7.9 / 10
"https://images.static-collegedunia.com/public/college_data/images/placeholder_300X223.png?tr=w-305,h-145,c-force","NATIONAL INSTITUTE OF TECHNOLOGY - [NIT], RAIPUR","RAIPUR, CHHATTISGARH",7.4 / 10
"https://images.static-collegedunia.com/public/college_data/images/placeholder_300X223.png?tr=w-305,h-145,c-force","INDIAN INSTITUTE OF INFORMATION TECHNOLOGY DESIGN AND MANUFACTURING - [IIITDM], JABALPUR","JABALPUR, MADHYA PRADESH",7.9 / 10
"https://images.static-collegedunia.com/public/college_data/images/placeholder_300X223.png?tr=w-305,h-145,c-force","KUMARAGURU COLLEGE OF TECHNOLOGY - [KCT], COIMBATORE","COIMBATORE, TAMIL NADU",8.2 / 10
"https://images.static-collegedunia.com/public/college_data/images/appImage/55114_pondi_new.jpg?tr=w-305,h-145,c-force","PONDICHERRY ENGINEERING COLLEGE - [PEC], PONDICHERRY","PONDICHERRY, PUDUCHERRY",7.8 / 10
"https://images.static-collegedunia.com/public/college_data/images/appImage/25424_PEc%20cover.jpg?tr=w-305,h-145,c-force","PUNJAB ENGINEERING COLLEGE UNIVERSITY OF TECHNOLOGY - [PEC], CHANDIGARH","CHANDIGARH, CHANDIGARH",7.9 / 10
"https://images.static-collegedunia.com/public/college_data/images/appImage/15126_SIT_New.jpg?tr=w-305,h-145,c-force","SIDDAGANGA INSTITUTE OF TECHNOLOGY - [SIT], TUMKUR","TUMKUR, KARNATAKA",7.8 / 10
"https://images.static-collegedunia.com/public/college_data/images/appImage/1503654914cover.jpg?tr=w-305,h-145,c-force","ATAL BIHARI VAJPAYEE INDIAN INSTITUTE OF INFORMATION TECHNOLOGY AND MANAGEMENT - [ABVIIITM], GWALIOR","GWALIOR, MADHYA PRADESH",7.5 / 10
"https://images.static-collegedunia.com/public/college_data/images/appImage/25953_JPIIT_New.jpg?tr=w-305,h-145,c-force","JAYPEE INSTITUTE OF INFORMATION TECHNOLOGY UNIVERSITY - [JIIT], NOIDA","NOIDA, UTTAR PRADESH",7.7 / 10
"https://images.static-collegedunia.com/public/college_data/images/appImage/15076988081443263466IIITANew.jpg?tr=w-305,h-145,c-force","INDIAN INSTITUTE OF INFORMATION TECHNOLOGY - [IIIT], ALLAHABAD","ALLAHABAD, UTTAR PRADESH",8.3 / 10
"https://images.static-collegedunia.com/public/college_data/images/appImage/24550_UCE_New.jpg?tr=w-305,h-145,c-force","UNIVERSITY COLLEGE OF ENGINEERING, OSMANIA UNIVERSITY - [UCE], HYDERABAD","HYDERABAD, TELANGANA",8.6 / 10
"https://images.static-collegedunia.com/public/college_data/images/appImage/1497423689header.jpg?tr=w-305,h-145,c-force","DAYALBAGH EDUCATIONAL INSTITUTE FACULTY OF ENGINEERING, AGRA","AGRA, UTTAR PRADESH",8 / 10
"https://images.static-collegedunia.com/public/college_data/images/appImage/57801_build.png?tr=w-305,h-145,c-force","VEL TECH, CHENNAI","CHENNAI, TAMIL NADU",8.2 / 10
"https://images.static-collegedunia.com/public/college_data/images/appImage/25574_SMVDU_New.jpg?tr=w-305,h-145,c-force","SHRI MATA VAISHNO DEVI UNIVERSITY - [SMVDU], KATRA","KATRA, JAMMU AND KASHMIR",7.5 / 10
"https://images.static-collegedunia.com/public/college_data/images/appImage/15094366571443439862NITGOANEW.jpg?tr=w-305,h-145,c-force","NATIONAL INSTITUTE OF TECHNOLOGY - [NIT], SOUTH GOA","SOUTH GOA, GOA",7.3 / 10
"https://images.static-collegedunia.com/public/college_data/images/appImage/14325_MEPCO_New.jpg?tr=w-305,h-145,c-force","MEPCO SCHLENK ENGINEERING COLLEGE, SIVAKASI","SIVAKASI, TAMIL NADU",8 / 10
"https://images.static-collegedunia.com/public/college_data/images/appImage/57751_app%20image.jpg?tr=w-305,h-145,c-force","SRI VENKATESWARA UNIVERSITY COLLEGE OF ENGINEERING, TIRUPATI","TIRUPATI, ANDHRA PRADESH",7.7 / 10
"https://images.static-collegedunia.com/public/college_data/images/appImage/24055_GCT_NEW.jpg?tr=w-305,h-145,c-force","GOVERNMENT COLLEGE OF TECHNOLOGY - [GCT], COIMBATORE","COIMBATORE, TAMIL NADU",8.1 / 10
"https://images.static-collegedunia.com/public/college_data/images/appImage/15155651381445435451DAIICTNew.jpg?tr=w-305,h-145,c-force","DHIRUBHAI AMBANI INSTITUTE OF INFORMATION AND COMMUNICATION TECHNOLOGY - [DA-IICT], GANDHI NAGAR","GANDHI NAGAR, GUJARAT",8.6 / 10
"https://images.static-collegedunia.com/public/college_data/images/appImage/12868_Army_nw.jpg?tr=w-305,h-145,c-force","ARMY INSTITUTE OF TECHNOLOGY - [AIT], PUNE","PUNE, MAHARASHTRA",8.2 / 10
"https://images.static-collegedunia.com/public/college_data/images/appImage/1595829786EgnColgPic.jpg?tr=w-305,h-145,c-force","BHARATI VIDYAPEETH DEEMED UNIVERSITY - [BVDU], PUNE","PUNE, MAHARASHTRA",7.7 / 10
"https://images.static-collegedunia.com/public/college_data/images/appImage/25879_2.jpg?tr=w-305,h-145,c-force","HINDUSTAN INSTITUTE OF TECHNOLOGY AND SCIENCE - [HITS], CHENNAI","CHENNAI, TAMIL NADU",7.5 / 10
"https://images.static-collegedunia.com/public/college_data/images/appImage/13147_CVRCE_New.jpg?tr=w-305,h-145,c-force","C. V. RAMAN GLOBAL UNIVERSITY, BHUBANESWAR","BHUBANESWAR, ORISSA",7.6 / 10
"https://images.static-collegedunia.com/public/college_data/images/appImage/25789_3.jpg?tr=w-305,h-145,c-force","I.K. GUJRAL PUNJAB TECHNICAL UNIVERSITY - [IKG-PTU], JALANDHAR","JALANDHAR, PUNJAB",8.2 / 10
"https://images.static-collegedunia.com/public/college_data/images/appImage/15222_SKCET.jpg?tr=w-305,h-145,c-force","SRI KRISHNA COLLEGE OF ENGINEERING AND TECHNOLOGY - [SKCET], COIMBATORE","COIMBATORE, TAMIL NADU",8.1 / 10
"https://images.static-collegedunia.com/public/college_data/images/appImage/14023_KEC_New.jpg?tr=w-305,h-145,c-force","KONGU ENGINEERING COLLEGE - [KEC], ERODE","ERODE, TAMIL NADU",8.3 / 10
"https://images.static-collegedunia.com/public/college_data/images/appImage/12991_BIT_New.jpg?tr=w-305,h-145,c-force","BANNARI AMMAN INSTITUTE OF TECHNOLOGY - [BIT], SATHYAMANGALAM","SATHYAMANGALAM, TAMIL NADU",8.3 / 10
"https://images.static-collegedunia.com/public/college_data/images/appImage/15174_sano.jpg?tr=w-305,h-145,c-force","SONA COLLEGE OF TECHNOLOGY, SALEM","SALEM, TAMIL NADU",8.1 / 10
"https://images.static-collegedunia.com/public/college_data/images/appImage/1502173220instituteofengineeringmanagementsechbhawankolkatac3484.jpg?tr=w-305,h-145,c-force","INSTITUTE OF ENGINEERING AND MANAGEMENT - [IEM], KOLKATA","KOLKATA, WEST BENGAL",7.5 / 10
"https://images.static-collegedunia.com/public/college_data/images/appImage/13190_cover.jpg?tr=w-305,h-145,c-force","CHAITANYA BHARATHI INSTITUTE OF TECHNOLOGY - [CBIT], HYDERABAD","HYDERABAD, TELANGANA",8.2 / 10
"https://images.static-collegedunia.com/public/college_data/images/appImage/25384_apppp12345.jpg?tr=w-305,h-145,c-force","VIGNAN’S FOUNDATION FOR SCIENCE, TECHNOLOGY, AND RESEARCH, GUNTUR","GUNTUR, ANDHRA PRADESH",8.3 / 10
"https://images.static-collegedunia.com/public/college_data/images/appImage/14483_1444286530NHCE_NEW.jpg?tr=w-305,h-145,c-force","NEW HORIZON COLLEGE OF ENGINEERING - [NHCE], BANGALORE","BANGALORE, KARNATAKA",8 / 10
"https://images.static-collegedunia.com/public/college_data/images/appImage/1508223330cover.jpg?tr=w-305,h-145,c-force","TAMIL NADU VETERINARY AND ANIMAL SCIENCES UNIVERSITY - [TANUVAS], CHENNAI","CHENNAI, TAMIL NADU",8.3 / 10
"https://images.static-collegedunia.com/public/college_data/images/appImage/28202_1443441209VJTI_New.jpg?tr=w-305,h-145,c-force","VEERMATA JIJABAI TECHNOLOGICAL INSTITUTE - [VJTI], MUMBAI","MUMBAI, MAHARASHTRA",7.9 / 10
"https://images.static-collegedunia.com/public/college_data/images/appImage/45700_ju%20image.jpg?tr=w-305,h-145,c-force","JNTUK UNIVERSITY COLLEGE OF ENGINEERING, KAKINADA, EAST GODAVARI","EAST GODAVARI, ANDHRA PRADESH",7.7 / 10
"https://images.static-collegedunia.com/public/college_data/images/appImage/25985_4.png?tr=w-305,h-145,c-force","GRAPHIC ERA UNIVERSITY, SCHOOL OF ENGINEERING AND TECHNOLOGY - [GEU], DEHRADUN","DEHRADUN, UTTARAKHAND",9.2 / 10
"https://images.static-collegedunia.com/public/college_data/images/appImage/25781_NITJ_New.jpg?tr=w-305,h-145,c-force","DR BR AMBEDKAR NATIONAL INSTITUTE OF TECHNOLOGY - [NIT], JALANDHAR","JALANDHAR, PUNJAB",8 / 10
"https://images.static-collegedunia.com/public/college_data/images/appImage/13492_GHRCE.jpg?tr=w-305,h-145,c-force","GH RAISONI COLLEGE OF ENGINEERING - [GHRCE], NAGPUR","NAGPUR, MAHARASHTRA",8.4 / 10
"https://images.static-collegedunia.com/public/college_data/images/appImage/14374_nmims..jpg?tr=w-305,h-145,c-force","MUKESH PATEL SCHOOL OF TECHNOLOGY MANAGEMENT AND ENGINEERING - [MPSTME], MUMBAI","MUMBAI, MAHARASHTRA",8.1 / 10
"https://images.static-collegedunia.com/public/college_data/images/appImage/14948_SPIT_APP.jpg?tr=w-305,h-145,c-force","SARDAR PATEL INSTITUTE OF TECHNOLOGY - [SPIT], MUMBAI","MUMBAI, MAHARASHTRA",8.1 / 10
"https://images.static-collegedunia.com/public/college_data/images/appImage/1608201525Cover.jpg?tr=w-305,h-145,c-force","SCHOOL OF ENGINEERING AND TECHNOLOGY, JAIN UNIVERSITY - [SET JU], BANGALORE","BANGALORE, KARNATAKA",8.1 / 10
"https://images.static-collegedunia.com/public/college_data/images/appImage/15096_SREC_NEW.jpg?tr=w-305,h-145,c-force","SHRI RAMDEOBABA COLLEGE OF ENGINEERING AND MANAGEMENT - [RCOEM], NAGPUR","NAGPUR, MAHARASHTRA",8.1 / 10
"https://images.static-collegedunia.com/public/college_data/images/appImage/45855_cover.jpg?tr=w-305,h-145,c-force","VALLURUPALLI NAGESWARA RAO VIGNANA JYOTHI INSTITUTE OF ENGINEERING AND TECHNOLOGY - [VNRVJIET], HYDERABAD","HYDERABAD, TELANGANA",8.4 / 10
"https://images.static-collegedunia.com/public/college_data/images/appImage/25539_NIFTEM_NEW.jpg?tr=w-305,h-145,c-force","NATIONAL INSTITUTE OF FOOD TECHNOLOGY ENTREPRENEURSHIP AND MANAGEMENT - [NIFTEM], SONEPAT","SONEPAT, HARYANA",8 / 10
"https://images.static-collegedunia.com/public/college_data/images/appImage/160579006311187612940x200.jpg?tr=w-305,h-145,c-force","SRI JAYACHAMARAJENDRA COLLEGE OF ENGINEERING - [SJCE], MYSORE","MYSORE, KARNATAKA",8.3 / 10
"https://images.static-collegedunia.com/public/college_data/images/appImage/25561_JUIT_NEW.jpg?tr=w-305,h-145,c-force","JAYPEE UNIVERSITY OF INFORMATION TECHNOLOGY - [JUIT], SOLAN","SOLAN, HIMACHAL PRADESH",7.8 / 10
"https://images.static-collegedunia.com/public/college_data/images/appImage/1503566414147288295925721RSTMApp.jpg?tr=w-305,h-145,c-force","RASHTRASANT TUKADOJI MAHARAJ NAGPUR UNIVERSITY - [RTMNU], NAGPUR","NAGPUR, MAHARASHTRA",7.5 / 10
"https://images.static-collegedunia.com/public/college_data/images/appImage/55339_mmklo-001.jpg?tr=w-305,h-145,c-force","COCHIN UNIVERSITY OF SCIENCE AND TECHNOLOGY, SCHOOL OF ENGINEERING -[SOE] THRIKKAKARA, ERNAKULAM","ERNAKULAM, KERALA",8.2 / 10
"https://images.static-collegedunia.com/public/college_data/images/appImage/1594097925universitypic.jpg?tr=w-305,h-145,c-force","UNIVERSITY INSTITUTE OF ENGINEERING, CHANDIGARH UNIVERSITY - [UIE], CHANDIGARH","CHANDIGARH, CHANDIGARH",8.4 / 10
"https://images.static-collegedunia.com/public/college_data/images/appImage/158865702055139k.jpg?tr=w-305,h-145,c-force","SCHOOL OF ENGINEERING AND TECHNOLOGY, NCU - [SOET], GURGAON","GURGAON, HARYANA",9 / 10
"https://images.static-collegedunia.com/public/college_data/images/appImage/25787_LPU_APP.jpg?tr=w-305,h-145,c-force","LOVELY PROFESSIONAL UNIVERSITY - [LPU], JALANDHAR","JALANDHAR, PUNJAB",8.3 / 10
"https://images.static-collegedunia.com/public/college_data/images/appImage/_app%20miamge.jpg?tr=w-305,h-145,c-force","ST. JOSEPH COLLEGE OF ENGINEERING, KANCHIPURAM","KANCHIPURAM, TAMIL NADU",8 / 10
"https://images.static-collegedunia.com/public/college_data/images/appImage/1589815633image1.jpg?tr=w-305,h-145,c-force","SAVEETHA ENGINEERING COLLEGE - [SEC], CHENNAI","CHENNAI, TAMIL NADU",8 / 10
"https://images.static-collegedunia.com/public/college_data/images/appImage/15258_SAIRAM_NEW.jpg?tr=w-305,h-145,c-force","SRI SAIRAM ENGINEERING COLLEGE, CHENNAI","CHENNAI, TAMIL NADU",7.6 / 10
"https://images.static-collegedunia.com/public/college_data/images/appImage/25771_VSSUT-Burla-Odisha.jpg?tr=w-305,h-145,c-force","VEER SURENDRA SAI UNIVERSITY OF TECHNOLOGY - [VSSUT], BURLA","BURLA, ORISSA",7.8 / 10
"https://images.static-collegedunia.com/public/college_data/images/appImage/28562_DSEC_APP.jpg?tr=w-305,h-145,c-force","DAYANANDA SAGAR COLLEGE OF ENGINEERING - [DSCE], BANGALORE","BANGALORE, KARNATAKA",8 / 10
"https://images.static-collegedunia.com/public/college_data/images/appImage/56066_vghbjnmk.jpg?tr=w-305,h-145,c-force","NMAM INSTITUTE OF TECHNOLOGY - [NMAMIT], UDUPI","UDUPI, KARNATAKA",7.9 / 10
"https://images.static-collegedunia.com/public/college_data/images/appImage/25584_NITJAMSEDPUR_APP.jpg?tr=w-305,h-145,c-force","NATIONAL INSTITUTE OF TECHNOLOGY - [NIT], JAMSHEDPUR","JAMSHEDPUR, JHARKHAND",7.8 / 10
"https://images.static-collegedunia.com/public/college_data/images/appImage/1485768802cvrnew2.png?tr=w-305,h-145,c-force","CVR COLLEGE OF ENGINEERING, IBRAHIMPATNAM, RANGAREDDI","RANGAREDDI, TELANGANA",8.2 / 10
"https://images.static-collegedunia.com/public/college_data/images/appImage/15508_YCCE_New.jpg?tr=w-305,h-145,c-force","YESHWANTRAO CHAVAN COLLEGE OF ENGINEERING - [YCCE], NAGPUR","NAGPUR, MAHARASHTRA",7.6 / 10
"https://images.static-collegedunia.com/public/college_data/images/appImage/25417_NITPATNA.jpg?tr=w-305,h-145,c-force","NATIONAL INSTITUTE OF TECHNOLOGY - [NITP], PATNA","PATNA, BIHAR",7.6 / 10
"https://images.static-collegedunia.com/public/college_data/images/appImage/25793_SLIET_New.jpg?tr=w-305,h-145,c-force","SANT LONGOWAL INSTITUTE OF ENGINEERING AND TECHNOLOGY - [SLIET], SANGRUR","SANGRUR, PUNJAB",7.5 / 10
"https://images.static-collegedunia.com/public/college_data/images/appImage/25870_Untitled%20cvr.png?tr=w-305,h-145,c-force","B.S. ABDUR RAHMAN CRESCENT INSTITUTE OF SCIENCE & TECHNOLOGY - [BSAU], CHENNAI","CHENNAI, TAMIL NADU",8.2 / 10
"https://images.static-collegedunia.com/public/college_data/images/appImage/24100_ITNU_NEW.jpg?tr=w-305,h-145,c-force","INSTITUTE OF TECHNOLOGY, NIRMA UNIVERSITY, AHMEDABAD","AHMEDABAD, GUJARAT",8.3 / 10
"https://images.static-collegedunia.com/public/college_data/images/appImage/15243_SREC_New.jpg?tr=w-305,h-145,c-force","SRI RAMAKRISHNA ENGINEERING COLLEGE - [SREC], COIMBATORE","COIMBATORE, TAMIL NADU",8.1 / 10
"https://images.static-collegedunia.com/public/college_data/images/appImage/6595_CETP_New.jpg?tr=w-305,h-145,c-force","COLLEGE OF TECHNOLOGY, GB PANT UNIVERSITY OF AGRICULTURE & TECHNOLOGY, PANTNAGAR","PANTNAGAR, UTTARAKHAND",6.9 / 10
"https://images.static-collegedunia.com/public/college_data/images/appImage/7153_cover3.jpg?tr=w-305,h-145,c-force","INSTITUTE OF AERONAUTICAL ENGINEERING - [IARE], HYDERABAD","HYDERABAD, TELANGANA",8.3 / 10
"https://images.static-collegedunia.com/public/college_data/images/appImage/16101860942774771120230559579702507779083635410428712o.png?tr=w-305,h-145,c-force","NITTE MEENAKSHI INSTITUTE OF TECHNOLOGY - [NMIT], BANGALORE","BANGALORE, KARNATAKA",7.8 / 10
"https://images.static-collegedunia.com/public/college_data/images/appImage/55671_buildingmmn,..png?tr=w-305,h-145,c-force","RAJALAKSHMI ENGINEERING COLLEGE - [REC], CHENNAI","CHENNAI, TAMIL NADU",7.7 / 10
"https://images.static-collegedunia.com/public/college_data/images/appImage/15281_SVCE_NEW.jpg?tr=w-305,h-145,c-force","SRI VENKATESWARA COLLEGE OF ENGINEERING - [SVCE], SRIPERUMBUDUR","SRIPERUMBUDUR, TAMIL NADU",8.1 / 10
"https://images.static-collegedunia.com/public/college_data/images/appImage/25500_MSU_New.jpg?tr=w-305,h-145,c-force","FACULTY OF TECHNOLOGY AND ENGINEERING, MAHARAJA SAYAJIRAO UNIVERSITY OF BARODA, BARODA","BARODA, GUJARAT",8 / 10
"https://images.static-collegedunia.com/public/college_data/images/appImage/1607877704Cover.jpeg?tr=w-305,h-145,c-force","PES UNIVERSITY - [PESU], BANGALORE","BANGALORE, KARNATAKA",8 / 10
"https://images.static-collegedunia.com/public/college_data/images/appImage/1488795790e12.jpg?tr=w-305,h-145,c-force","HERITAGE INSTITUTE OF TECHNOLOGY - [HIT], KOLKATA","KOLKATA, WEST BENGAL",7.8 / 10
"https://images.static-collegedunia.com/public/college_data/images/appImage/15223_sri1].jpg?tr=w-305,h-145,c-force","SRI KRISHNA COLLEGE OF TECHNOLOGY - [SKCT], COIMBATORE","COIMBATORE, TAMIL NADU",8.4 / 10
"https://images.static-collegedunia.com/public/college_data/images/appImage/24315_PSNACET_APP.jpg?tr=w-305,h-145,c-force","PSNA COLLEGE OF ENGINEERING AND TECHNOLOGY, DINDIGUL","DINDIGUL, TAMIL NADU",8.4 / 10
"https://images.static-collegedunia.com/public/college_data/images/appImage/1599304058phocathumblRAAM8058.jpg?tr=w-305,h-145,c-force","BV RAJU INSTITUTE OF TECHNOLOGY - [BVRIT], HYDERABAD","HYDERABAD, TELANGANA",8.6 / 10
"https://images.static-collegedunia.com/public/college_data/images/appImage/25545_YMCA_New.jpg?tr=w-305,h-145,c-force","J.C. BOSE UNIVERSITY OF SCIENCE AND TECHNOLOGY, FARIDABAD","FARIDABAD, HARYANA",7.2 / 10
"https://images.static-collegedunia.com/public/college_data/images/appImage/25997_contactus.jpg?tr=w-305,h-145,c-force","UNIVERSITY OF PETROLEUM AND ENERGY STUDIES - [UPES], DEHRADUN","DEHRADUN, UTTARAKHAND",8 / 10
"https://images.static-collegedunia.com/public/college_data/images/appImage/28221_NITM_NEW.jpg?tr=w-305,h-145,c-force","NATIONAL INSTITUTE OF TECHNOLOGY - [NIT], IMPHAL","IMPHAL, MANIPUR",8.1 / 10
"https://images.static-collegedunia.com/public/college_data/images/appImage/1582961645Cover.jpg?tr=w-305,h-145,c-force","VARDHAMAN COLLEGE OF ENGINEERING - [VCE], HYDERABAD","HYDERABAD, TELANGANA",8.2 / 10
"https://images.static-collegedunia.com/public/college_data/images/appImage/1485866073b3.jpg?tr=w-305,h-145,c-force","BMS INSTITUTE OF TECHNOLOGY AND MANAGEMENT - [BMSIT], BANGALORE","BANGALORE, KARNATAKA",7.8 / 10
"https://images.static-collegedunia.com/public/college_data/images/appImage/1485925745D1.jpg?tr=w-305,h-145,c-force","B. N. M. INSTITUTE OF TECHNOLOGY - [BNMIT], BANGALORE","BANGALORE, KARNATAKA",7.5 / 10
"https://images.static-collegedunia.com/public/college_data/images/appImage/12953_BVBCT_NEW.jpg?tr=w-305,h-145,c-force","KLE TECHNOLOGICAL UNIVERSITY, HUBLI","HUBLI, KARNATAKA",8.3 / 10
"https://images.static-collegedunia.com/public/college_data/images/appImage/14660_RMKEC_New.jpg?tr=w-305,h-145,c-force","RMK ENGINEERING COLLEGE - [RMKEC], THIRUVALLUR","THIRUVALLUR, TAMIL NADU",8.2 / 10
"https://images.static-collegedunia.com/public/college_data/images/appImage/1515151386WalchandCollegeofEngineeringWCE.jpg?tr=w-305,h-145,c-force","WALCHAND COLLEGE OF ENGINEERING - [WCE], SANGLI","SANGLI, MAHARASHTRA",8.3 / 10
"https://images.static-collegedunia.com/public/college_data/images/appImage/1518500807mitbuilding6.jpg?tr=w-305,h-145,c-force","MIT WORLD PEACE UNIVERSITY - [MITWPU], PUNE","PUNE, MAHARASHTRA",8 / 10
"https://images.static-collegedunia.com/public/college_data/images/appImage/28914_1451278229_Ox6gXWb3IdA0voUocglF.jpg?tr=w-305,h-145,c-force","VISHWAKARMA INSTITUTE OF INFORMATION TECHNOLOGY - [VIIT], PUNE","PUNE, MAHARASHTRA",7.7 / 10
"https://images.static-collegedunia.com/public/college_data/images/appImage/26028_WBUT_APP.jpg?tr=w-305,h-145,c-force","MAULANA ABUL KALAM AZAD UNIVERSITY OF TECHNOLOGY - [MAKAUT], KOLKATA","KOLKATA, WEST BENGAL",7.6 / 10
"https://images.static-collegedunia.com/public/college_data/images/appImage/13149_CSVR_New.jpg?tr=w-305,h-145,c-force","ANURAG UNIVERSITY, HYDERABAD","HYDERABAD, TELANGANA",8.3 / 10
"https://images.static-collegedunia.com/public/college_data/images/appImage/1486213969B1.jpg?tr=w-305,h-145,c-force","DR. AMBEDKAR INSTITUTE OF TECHNOLOGY - [AIT], BANGALORE","BANGALORE, KARNATAKA",7.2 / 10
"https://images.static-collegedunia.com/public/college_data/images/appImage/1491645668cvr.png?tr=w-305,h-145,c-force","INDIRA GANDHI DELHI TECHNICAL UNIVERSITY FOR WOMEN -[IGDTUW], NEW DELHI","NEW DELHI, DELHI NCR",7.3 / 10
"https://images.static-collegedunia.com/public/college_data/images/appImage/1595308711Cover.jpg?tr=w-305,h-145,c-force","NARULA INSTITUTE OF TECHNOLOGY - [NIT AGARPARA], KOLKATA","KOLKATA, WEST BENGAL",7.9 / 10
"https://images.static-collegedunia.com/public/college_data/images/appImage/14440_NEC_New.jpg?tr=w-305,h-145,c-force","NATIONAL ENGINEERING COLLEGE - [NEC], THOOTHUKKUDI","THOOTHUKKUDI, TAMIL NADU",8 / 10
"https://images.static-collegedunia.com/public/college_data/images/appImage/14554_PESCE_APP.jpg?tr=w-305,h-145,c-force","PES COLLEGE OF ENGINEERING - [PESCE], MANDYA","MANDYA, KARNATAKA",7.7 / 10
"https://images.static-collegedunia.com/public/college_data/images/appImage/28945_FET.jpg?tr=w-305,h-145,c-force","MANAV RACHNA INTERNATIONAL INSTITUTE OF RESEARCH AND STUDIES, FACULTY OF ENGINEERING AND TECHNOLOGY - [MRIIRSFET], FARIDABAD","FARIDABAD, HARYANA",7.1 / 10
"https://images.static-collegedunia.com/public/college_data/images/appImage/15198_SREE2.jpg?tr=w-305,h-145,c-force","SREE VIDYANIKETHAN ENGINEERING COLLEGE - [SVEC], TIRUPATI","TIRUPATI, ANDHRA PRADESH",8.5 / 10
"https://images.static-collegedunia.com/public/college_data/images/appImage/24580_cover.jpg?tr=w-305,h-145,c-force","VASAVI COLLEGE OF ENGINEERING - [VCE], HYDERABAD","HYDERABAD, TELANGANA",8 / 10
"https://images.static-collegedunia.com/public/college_data/images/appImage/1521806486aboutoverview.jpg?tr=w-305,h-145,c-force","CMR INSTITUTE OF TECHNOLOGY - [CMRIT], BANGALORE","BANGALORE, KARNATAKA",7.9 / 10
"https://images.static-collegedunia.com/public/college_data/images/appImage/13480_GPREC_New.jpg?tr=w-305,h-145,c-force","G. PULLA REDDY ENGINEERING COLLEGE - [GPREC], KURNOOL","KURNOOL, ANDHRA PRADESH",8.2 / 10
"https://images.static-collegedunia.com/public/college_data/images/appImage/1488782357f4.jpg?tr=w-305,h-145,c-force","HALDIA INSTITUTE OF TECHNOLOGY - [HIT], HALDIA","HALDIA, WEST BENGAL",7.8 / 10
"https://images.static-collegedunia.com/public/college_data/images/appImage/15466_NIE_New.jpg?tr=w-305,h-145,c-force","THE NATIONAL INSTITUTE OF ENGINEERING - [NIE], MYSORE","MYSORE, KARNATAKA",8.1 / 10
"https://images.static-collegedunia.com/public/college_data/images/appImage/25388_5.jpg?tr=w-305,h-145,c-force","NORTH EASTERN REGIONAL INSTITUTE OF SCIENCE AND TECHNOLOGY - [NERIST], ITANAGAR","ITANAGAR, ARUNACHAL PRADESH",7 / 10
"https://images.static-collegedunia.com/public/college_data/images/appImage/1515406387cvrimagenew1.png?tr=w-305,h-145,c-force","VELAGAPUDI RAMAKRISHNA SIDDHARTHA ENGINEERING COLLEGE - [VRSEC], VIJAYAWADA","VIJAYAWADA, ANDHRA PRADESH",8.2 / 10
"https://images.static-collegedunia.com/public/college_data/images/appImage/14751_RAIT.jpg?tr=w-305,h-145,c-force","RAMRAO ADIK INSTITUTE OF TECHNOLOGY - [RAIT], NAVI MUMBAI","NAVI MUMBAI, MAHARASHTRA",8.6 / 10
"https://images.static-collegedunia.com/public/college_data/images/appImage/15286_sri1.jpg?tr=w-305,h-145,c-force","SRI VENKATESWARA COLLEGE OF ENGINEERING AND TECHNOLOGY - [SVCET], CHITTOOR","CHITTOOR, ANDHRA PRADESH",7.9 / 10
"https://images.static-collegedunia.com/public/college_data/images/appImage/14946_1443869268SPCE_New.jpg?tr=w-305,h-145,c-force","SARDAR PATEL COLLEGE OF ENGINEERING - [SPCE], MUMBAI","MUMBAI, MAHARASHTRA",7.9 / 10
"https://images.static-collegedunia.com/public/college_data/images/appImage/13393_MCET_APP.jpg?tr=w-305,h-145,c-force","DR. MAHALINGAM COLLEGE OF ENGINEERING & TECHNOLOGY - [MCET], POLLACHI","POLLACHI, TAMIL NADU",7.9 / 10
"https://images.static-collegedunia.com/public/college_data/images/appImage/13570_1443598298GRIET_New.jpg?tr=w-305,h-145,c-force","GOKARAJU RANGARAJU INSTITUTE OF ENGINEERING AND TECHNOLOGY [GRIET], HYDERABAD","HYDERABAD, TELANGANA",7.9 / 10
"https://images.static-collegedunia.com/public/college_data/images/appImage/1592984683Cover.jpg?tr=w-305,h-145,c-force","K. J. SOMAIYA COLLEGE OF ENGINEERING - [KJSCE], MUMBAI","MUMBAI, MAHARASHTRA",8.1 / 10
"https://images.static-collegedunia.com/public/college_data/images/appImage/13955_1443857085KITSW_New.jpg?tr=w-305,h-145,c-force","KAKATIYA INSTITUTE OF TECHNOLOGY & SCIENCE - [KITSW], WARANGAL","WARANGAL, TELANGANA",8.2 / 10
"https://images.static-collegedunia.com/public/college_data/images/appImage/1596608177Cover.jpg?tr=w-305,h-145,c-force","SHRI VISHNU ENGINEERING COLLEGE FOR WOMEN - [SVECW], BHIMAVARAM","BHIMAVARAM, ANDHRA PRADESH",8.8 / 10
"https://images.static-collegedunia.com/public/college_data/images/appImage/1519368715AdminPic.jpg?tr=w-305,h-145,c-force","ALLIANCE COLLEGE OF ENGINEERING AND DESIGN, BANGALORE","BANGALORE, KARNATAKA",7.2 / 10
"https://images.static-collegedunia.com/public/college_data/images/appImage/1583496009frontelevation2.jpg?tr=w-305,h-145,c-force","SAVEETHA SCHOOL OF ENGINEERING - [SSE], CHENNAI","CHENNAI, TAMIL NADU",8.5 / 10
"https://images.static-collegedunia.com/public/college_data/images/appImage/57701_7jj.jpg?tr=w-305,h-145,c-force","JNTUA COLLEGE OF ENGINEERING, ANANTHAPUR","ANANTHAPUR, ANDHRA PRADESH",7 / 10
"https://images.static-collegedunia.com/public/college_data/images/appImage/14564_PCCE_New.jpg?tr=w-305,h-145,c-force","PIMPRI CHINCHWAD COLLEGE OF ENGINEERING - [PCCOE], PUNE","PUNE, MAHARASHTRA",8 / 10
"https://images.static-collegedunia.com/public/college_data/images/appImage/1486034487A1.png?tr=w-305,h-145,c-force","BASAVESHWAR ENGINEERING COLLEGE - [BEC], BAGALKOT","BAGALKOT, KARNATAKA",7.6 / 10
"https://images.static-collegedunia.com/public/college_data/images/appImage/13284_CCEW_New.jpg?tr=w-305,h-145,c-force","MKSSS'S CUMMINS COLLEGE OF ENGINEERING FOR WOMEN, PUNE","PUNE, MAHARASHTRA",8.3 / 10
"https://images.static-collegedunia.com/public/college_data/images/appImage/15644705771415625792h1.jpg?tr=w-305,h-145,c-force","DWARKADAS J SANGHVI COLLEGE OF ENGINEERING - [DJSCE], MUMBAI","MUMBAI, MAHARASHTRA",8.3 / 10
"https://images.static-collegedunia.com/public/college_data/images/appImage/15257_SSIT_APP.jpg?tr=w-305,h-145,c-force","SRI SAIRAM INSTITUTE OF TECHNOLOGY - [SSIT], CHENNAI","CHENNAI, TAMIL NADU",8.2 / 10
"https://images.static-collegedunia.com/public/college_data/images/appImage/1515145696cvrimgae.png?tr=w-305,h-145,c-force","DR. M.G.R. EDUCATIONAL AND RESEARCH INSTITUTE, CHENNAI","CHENNAI, TAMIL NADU",7.4 / 10
"https://images.static-collegedunia.com/public/college_data/images/appImage/28304_1444373910VTMT_NEW.jpg?tr=w-305,h-145,c-force","VEL TECH MULTI TECH DR. RANGARAJAN DR. SAKUNTHALA ENGINEERING COLLEGE, CHENNAI","CHENNAI, TAMIL NADU",6.5 / 10
"https://images.static-collegedunia.com/public/college_data/images/appImage/1515403016cvrimagenew1.png?tr=w-305,h-145,c-force","THAKUR COLLEGE OF ENGINEERING AND TECHNOLOGY - [TCET], MUMBAI","MUMBAI, MAHARASHTRA",8.3 / 10
"https://images.static-collegedunia.com/public/college_data/images/appImage/1560245635visionbanner.jpg?tr=w-305,h-145,c-force","SAGI RAMAKRISHNAM RAJU ENGINEERING COLLEGE - [SRKR ], BHIMAVARAM","BHIMAVARAM, ANDHRA PRADESH",8.2 / 10
"https://images.static-collegedunia.com/public/college_data/images/appImage/13432_eas%20cover1.jpg?tr=w-305,h-145,c-force","EASWARI ENGINEERING COLLEGE - [EEC], CHENNAI","CHENNAI, TAMIL NADU",7.9 / 10
"https://images.static-collegedunia.com/public/college_data/images/appImage/13545_Cover-vidya%20parisad.png?tr=w-305,h-145,c-force","GAYATRI VIDYA PARISHAD COLLEGE OF ENGINEERING - [GVP], VISAKHAPATNAM","VISAKHAPATNAM, ANDHRA PRADESH",7.7 / 10
"https://images.static-collegedunia.com/public/college_data/images/appImage/28199_IIIT.jpg?tr=w-305,h-145,c-force","INDIAN INSTITUTE OF INFORMATION TECHNOLOGY DESIGN & MANUFACTURING - [IIITDM], CHENNAI","CHENNAI, TAMIL NADU",8 / 10
"https://images.static-collegedunia.com/public/college_data/images/appImage/_6.jpg?tr=w-305,h-145,c-force","DR. B R AMBEDKAR INSTITUTE OF TECHNOLOGY, PORT BLAIR","PORT BLAIR, ANDAMAN AND NICOBAR ISLANDS","₹ 4,780"
"https://images.static-collegedunia.com/public/college_data/images/appImage/13008_BTC_App.jpg?tr=w-305,h-145,c-force","BASELIOS THOMAS I CATHOLICOSE COLLEGE OF ENGINEERING AND TECHNOLOGY - [BTC], ERNAKULAM","ERNAKULAM, KERALA",7.4 / 10
"https://images.static-collegedunia.com/public/college_data/images/appImage/25896_SRM_APP.jpg?tr=w-305,h-145,c-force","SRM INSTITUTE OF TECHNOLOGY - [SRM IST], KANCHIPURAM","KANCHIPURAM, TAMIL NADU",8.1 / 10
"https://images.static-collegedunia.com/public/college_data/images/appImage/1505110380ccaaaaaaaaaaaaaaaaaammmmmmmmmmmm.jpg?tr=w-305,h-145,c-force","CHRIST UNIVERSITY, BANGALORE","BANGALORE, KARNATAKA",8.3 / 10
"https://images.static-collegedunia.com/public/college_data/images/appImage/1581060040navimumbai6.jpg?tr=w-305,h-145,c-force","SVKM'S NARSEE MONJEE INSTITUTE OF MANAGEMENT STUDIES - [NMIMS UNIVERSITY], NAVI MUMBAI","NAVI MUMBAI, MAHARASHTRA",8.2 / 10
"https://images.static-collegedunia.com/public/college_data/images/appImage/15046162221447678844BPUTNEW.jpg?tr=w-305,h-145,c-force","BIJU PATNAIK UNIVERSITY OF TECHNOLOGY - [BPUT], ROURKELA","ROURKELA, ORISSA",5.9 / 10
"https://images.static-collegedunia.com/public/college_data/images/appImage/1496464164Sharda800x414.jpg?tr=w-305,h-145,c-force","SHARDA UNIVERSITY - [SU], GREATER NOIDA","GREATER NOIDA, UTTAR PRADESH",7.9 / 10
"https://images.static-collegedunia.com/public/college_data/images/appImage/1578118393jgi.jpg?tr=w-305,h-145,c-force","JAIN UNIVERSITY - [JU], BANGALORE","BANGALORE, KARNATAKA",7.8 / 10
"https://images.static-collegedunia.com/public/college_data/images/appImage/1562240371cover.jpg?tr=w-305,h-145,c-force","INDIAN INSTITUTE OF SCIENCE - [IISC], BANGALORE","BANGALORE, KARNATAKA",9 / 10
"https://images.static-collegedunia.com/public/college_data/images/appImage/1590690960Cover.jpeg?tr=w-305,h-145,c-force","GALGOTIAS UNIVERSITY - [GU], GREATER NOIDA","GREATER NOIDA, UTTAR PRADESH",7.6 / 10
"https://images.static-collegedunia.com/public/college_data/images/appImage/25503_nirmauniversity-campus-admissions-2016-1.jpg?tr=w-305,h-145,c-force","NIRMA UNIVERSITY - [NU], AHMEDABAD","AHMEDABAD, GUJARAT",8.4 / 10
"https://images.static-collegedunia.com/public/college_data/images/appImage/25638_CUSAT_NEW.jpg?tr=w-305,h-145,c-force","COCHIN UNIVERSITY OF SCIENCE AND TECHNOLOGY - [CUSAT], KOCHI","KOCHI, KERALA",7.8 / 10
"https://images.static-collegedunia.com/public/college_data/images/appImage/54859_Reva.jpg?tr=w-305,h-145,c-force","REVA UNIVERSITY, BANGALORE","BANGALORE, KARNATAKA",8.4 / 10
"https://images.static-collegedunia.com/public/college_data/images/appImage/1513063765nvdckjhsbdk.png?tr=w-305,h-145,c-force","BENNETT UNIVERSITY, GREATER NOIDA","GREATER NOIDA, UTTAR PRADESH",8.5 / 10
"https://images.static-collegedunia.com/public/college_data/images/appImage/1594119075Web2020Head60.jpg?tr=w-305,h-145,c-force","CHITKARA UNIVERSITY - [CU], PATIALA","PATIALA, PUNJAB",8.5 / 10
"https://images.static-collegedunia.com/public/college_data/images/appImage/25846_cbgvjkhb.jpg?tr=w-305,h-145,c-force","SINGHANIA UNIVERSITY, JHUNJHUNU","JHUNJHUNU, RAJASTHAN",7.1 / 10
"https://images.static-collegedunia.com/public/college_data/images/appImage/14479_NSIT_New.jpg?tr=w-305,h-145,c-force","NETAJI SUBHAS UNIVERSITY OF TECHNOLOGY - [NSUT], NEW DELHI","NEW DELHI, DELHI NCR",7.7 / 10
"https://images.static-collegedunia.com/public/college_data/images/appImage/25973_146098797320140803_124943.jpg?tr=w-305,h-145,c-force","SHIV NADAR UNIVERSITY - [SNU], GREATER NOIDA","GREATER NOIDA, UTTAR PRADESH",8.9 / 10
"https://images.static-collegedunia.com/public/college_data/images/appImage/25819_Jaipuruni_New.jpg?tr=w-305,h-145,c-force","JAIPUR NATIONAL UNIVERSITY - [JNU], JAIPUR","JAIPUR, RAJASTHAN",7.5 / 10
"https://images.static-collegedunia.com/public/college_data/images/appImage/25829_original.jpg?tr=w-305,h-145,c-force","MANIPAL UNIVERSITY - [MUJ], JAIPUR","JAIPUR, RAJASTHAN",8.4 / 10
"https://images.static-collegedunia.com/public/college_data/images/appImage/1581488380integaluniversity.jpg?tr=w-305,h-145,c-force","INTEGRAL UNIVERSITY, LUCKNOW","LUCKNOW, UTTAR PRADESH",7.4 / 10
"https://images.static-collegedunia.com/public/college_data/images/appImage/1508840432cvr.png?tr=w-305,h-145,c-force","JAWAHARLAL NEHRU TECHNOLOGICAL UNIVERSITY - [JNTU], ANANTHAPUR","ANANTHAPUR, ANDHRA PRADESH",7.3 / 10
"https://images.static-collegedunia.com/public/college_data/images/appImage/_1%20Entrance.jpg?tr=w-305,h-145,c-force","VIT UNIVERSITY - [VIT], CHENNAI","CHENNAI, TAMIL NADU",8.5 / 10
"https://images.static-collegedunia.com/public/college_data/images/appImage/1531822832AppNew.jpg?tr=w-305,h-145,c-force","K L UNIVERSITY - [KLH], HYDERABAD","HYDERABAD, TELANGANA",7.9 / 10
"https://images.static-collegedunia.com/public/college_data/images/appImage/25536_int.jpg?tr=w-305,h-145,c-force","MANAV RACHNA INTERNATIONAL INSTITUTE OF RESEARCH AND STUDIES - [MRIIRS], FARIDABAD","FARIDABAD, HARYANA",7.5 / 10
"https://images.static-collegedunia.com/public/college_data/images/appImage/1557808859universitypicture1.jpg?tr=w-305,h-145,c-force","AMITY UNIVERSITY, KOLKATA","KOLKATA, WEST BENGAL",8.1 / 10
"https://images.static-collegedunia.com/public/college_data/images/appImage/1491645427NITa.jpg?tr=w-305,h-145,c-force","NATIONAL INSTITUTE OF TECHNOLOGY - [NIT], NEW DELHI","NEW DELHI, DELHI NCR",6.7 / 10
"https://images.static-collegedunia.com/public/college_data/images/appImage/25504_cover.png?tr=w-305,h-145,c-force","PANDIT DEENDAYAL PETROLEUM UNIVERSITY - [PDPU], GANDHI NAGAR","GANDHI NAGAR, GUJARAT",8.6 / 10
"https://images.static-collegedunia.com/public/college_data/images/appImage/1519368529AdminPic.jpg?tr=w-305,h-145,c-force","ALLIANCE UNIVERSITY, BANGALORE","BANGALORE, KARNATAKA",7.9 / 10
"https://images.static-collegedunia.com/public/college_data/images/appImage/1585993098SAG0324.png?tr=w-305,h-145,c-force","PANDIT DEENDAYAL PETROLEUM UNIVERSITY, SCHOOL OF TECHNOLOGY - [PDPU SOT], GANDHI NAGAR","GANDHI NAGAR, GUJARAT",8.6 / 10
"https://images.static-collegedunia.com/public/college_data/images/appImage/55935_P105014523.jpg?tr=w-305,h-145,c-force","INDIAN INSTITUTE OF TECHNOLOGY - [IITTP], TIRUPATI","TIRUPATI, ANDHRA PRADESH",8.5 / 10
"https://images.static-collegedunia.com/public/college_data/images/appImage/1504604649cvr.jpg?tr=w-305,h-145,c-force","CENTRAL INSTITUTE OF PLASTICS ENGINEERING & TECHNOLOGY- [CIPET], AHMEDABAD","AHMEDABAD, GUJARAT",7.6 / 10
"https://images.static-collegedunia.com/public/college_data/images/appImage/1510832154ccccccccccccccccccccccccccccccccccccc.png?tr=w-305,h-145,c-force","VIT BHOPAL UNIVERSITY, BHOPAL","BHOPAL, MADHYA PRADESH",7.9 / 10
"https://images.static-collegedunia.com/public/college_data/images/appImage/1508937136cover1.jpg?tr=w-305,h-145,c-force","SARDAR PATEL UNIVERSITY - [SPU], VALLABH VIDYANAGAR","VALLABH VIDYANAGAR, GUJARAT",7.7 / 10
"https://images.static-collegedunia.com/public/college_data/images/appImage/25982_DOON_NEW.jpg?tr=w-305,h-145,c-force","DOON UNIVERSITY, DEHRADUN","DEHRADUN, UTTARAKHAND",7.2 / 10
"https://images.static-collegedunia.com/public/college_data/images/appImage/1498124068jscover.jpg?tr=w-305,h-145,c-force","J.S. UNIVERSITY - [JSU], SHIKOHABAD","SHIKOHABAD, UTTAR PRADESH",8.6 / 10
"https://images.static-collegedunia.com/public/college_data/images/appImage/155780900311.jpg?tr=w-305,h-145,c-force","GURUGRAM UNIVERSITY, GURGAON","GURGAON, HARYANA",8.2 / 10
"https://images.static-collegedunia.com/public/college_data/images/appImage/1589185549Header.jpg?tr=w-305,h-145,c-force","DIT UNIVERSITY - [DIT], DEHRADUN","DEHRADUN, UTTARAKHAND",7.8 / 10
"https://images.static-collegedunia.com/public/college_data/images/appImage/25571_NITSRINAGAR_APP.jpg?tr=w-305,h-145,c-force","NATIONAL INSTITUTE OF TECHNOLOGY - [NIT], SRINAGAR","SRINAGAR, JAMMU AND KASHMIR",6.8 / 10
"https://images.static-collegedunia.com/public/college_data/images/appImage/15040959591494920453150312111234banneradv01.jpg?tr=w-305,h-145,c-force","BHARATH UNIVERSITY - BHARATH INSTITUTE OF HIGHER EDUCATION AND RESEARCH - [BIHER], CHENNAI","CHENNAI, TAMIL NADU",7.6 / 10
"https://images.static-collegedunia.com/public/college_data/images/appImage/1506065466cccccccccccccccccccccccccccc.png?tr=w-305,h-145,c-force","GLA UNIVERSITY, MATHURA","MATHURA, UTTAR PRADESH",8.2 / 10
"https://images.static-collegedunia.com/public/college_data/images/appImage/55934_App_New.jpg?tr=w-305,h-145,c-force","INDIAN INSTITUTE OF TECHNOLOGY - [IITPKD], PALAKKAD","PALAKKAD, KERALA",8.7 / 10
"https://images.static-collegedunia.com/public/college_data/images/appImage/_51.jpg?tr=w-305,h-145,c-force","PRESIDENCY UNIVERSITY, BANGALORE","BANGALORE, KARNATAKA",8.1 / 10
"https://images.static-collegedunia.com/public/college_data/images/appImage/1556278506CRRCOVER.jpeg?tr=w-305,h-145,c-force","CHHOTU RAM RURAL INSTITUTE OF TECHNOLOGY - [CRRIT], NEW DELHI","NEW DELHI, DELHI NCR",8.4 / 10
"https://images.static-collegedunia.com/public/college_data/images/appImage/1592586164Cover.png?tr=w-305,h-145,c-force","NIMS UNIVERSITY, JAIPUR","JAIPUR, RAJASTHAN",7.8 / 10
"https://images.static-collegedunia.com/public/college_data/images/appImage/25911_VELS_APP.jpg?tr=w-305,h-145,c-force","VELS INSTITUTE OF SCIENCE, TECHNOLOGY & ADVANCED STUDIES, CHENNAI","CHENNAI, TAMIL NADU",8 / 10
"https://images.static-collegedunia.com/public/college_data/images/appImage/56517_amity-university1.jpg?tr=w-305,h-145,c-force","AMITY UNIVERSITY, MUMBAI","MUMBAI, MAHARASHTRA",8.1 / 10
"https://images.static-collegedunia.com/public/college_data/images/appImage/13093_BIT_New.jpg?tr=w-305,h-145,c-force","BIRSA INSTITUTE OF TECHNOLOGY - [BIT] SINDRI, DHANBAD","DHANBAD, JHARKHAND",7.6 / 10
"https://images.static-collegedunia.com/public/college_data/images/appImage/13838_IET.jpg?tr=w-305,h-145,c-force","INSTITUTE OF ENGINEERING AND TECHNOLOGY - [IET], LUCKNOW","LUCKNOW, UTTAR PRADESH",7.3 / 10
"https://images.static-collegedunia.com/public/college_data/images/appImage/15439_cvr.png?tr=w-305,h-145,c-force","TECHNO INDIA UNIVERSITY, KOLKATA","KOLKATA, WEST BENGAL",8 / 10
"https://images.static-collegedunia.com/public/college_data/images/appImage/24615_VIT_New.jpg?tr=w-305,h-145,c-force","VISHWAKARMA INSTITUTE OF TECHNOLOGY, PUNE","PUNE, MAHARASHTRA",7.5 / 10
"https://images.static-collegedunia.com/public/college_data/images/appImage/1588441605Untitled.png?tr=w-305,h-145,c-force","JECRC UNIVERSITY - [JU], JAIPUR","JAIPUR, RAJASTHAN",8.1 / 10
"https://images.static-collegedunia.com/public/college_data/images/appImage/28467_BITSH_New.png?tr=w-305,h-145,c-force","BIRLA INSTITUTE OF TECHNOLOGY AND SCIENCE - [BITS], HYDERABAD","HYDERABAD, TELANGANA",9 / 10
"https://images.static-collegedunia.com/public/college_data/images/appImage/57662_iitbuilding.jpg?tr=w-305,h-145,c-force","INDIAN INSTITUTE OF TECHNOLOGY - [IIT], JAMMU","JAMMU, JAMMU AND KASHMIR",8.2 / 10
"https://images.static-collegedunia.com/public/college_data/images/appImage/1541821779iit.jpg?tr=w-305,h-145,c-force","INDIAN INSTITUTE OF TECHNOLOGY - [IIT], PONDA","PONDA, GOA",7.9 / 10
"https://images.static-collegedunia.com/public/college_data/images/appImage/_IIT-Dharwad-WALMI-Campus.jpg?tr=w-305,h-145,c-force","INDIAN INSTITUTE OF TECHNOLOGY - [IIT], DHARWAD","DHARWAD, KARNATAKA",9 / 10
"https://images.static-collegedunia.com/public/college_data/images/appImage/25481_CEPT.jpg?tr=w-305,h-145,c-force","CEPT UNIVERSITY, AHMEDABAD","AHMEDABAD, GUJARAT",8.2 / 10
"https://images.static-collegedunia.com/public/college_data/images/appImage/55140_AU_New.jpg?tr=w-305,h-145,c-force","ADAMAS UNIVERSITY, KOLKATA","KOLKATA, WEST BENGAL",8.2 / 10
"https://images.static-collegedunia.com/public/college_data/images/appImage/148896697577.jpg?tr=w-305,h-145,c-force","PDM UNIVERSITY, BAHADURGARH","BAHADURGARH, HARYANA",7.4 / 10
"https://images.static-collegedunia.com/public/college_data/images/appImage/1542879050261677301729742599720178441413093826490758n.jpg?tr=w-305,h-145,c-force","CENTURION UNIVERSITY OF TECHNOLOGY AND MANAGEMENT - [CUTM], VISAKHAPATNAM","VISAKHAPATNAM, ANDHRA PRADESH",7.8 / 10
"https://images.static-collegedunia.com/public/college_data/images/appImage/1543817693cover.jpg?tr=w-305,h-145,c-force","CENTURION UNIVERSITY OF TECHNOLOGY AND MANAGEMENT - [CUTM], PARALKHEMUNDI","PARALKHEMUNDI, ORISSA",8.2 / 10
"https://images.static-collegedunia.com/public/college_data/images/appImage/1498559311Appnew.jpg?tr=w-305,h-145,c-force","CENTURION UNIVERSITY OF TECHNOLOGY AND MANAGEMENT - [CUTM], BHUBANESWAR","BHUBANESWAR, ORISSA",7.4 / 10
"https://images.static-collegedunia.com/public/college_data/images/appImage/13090_BITS_New.jpg?tr=w-305,h-145,c-force","BIRLA INSTITUTE OF TECHNOLOGY AND SCIENCE - [BITS], SOUTH GOA","SOUTH GOA, GOA",8.5 / 10
"https://images.static-collegedunia.com/public/college_data/images/appImage/14215_MGIT_New.jpg?tr=w-305,h-145,c-force","MAHATMA GANDHI INSTITUTE OF TECHNOLOGY - [MGIT], HYDERABAD","HYDERABAD, TELANGANA",7.8 / 10
"https://images.static-collegedunia.com/public/college_data/images/appImage/15077910801479981985Untitled.jpg?tr=w-305,h-145,c-force","PRASAD V. POTLURI SIDDHARTHA INSTITUTE OF TECHNOLOGY - [PVPSIT], VIJAYAWADA","VIJAYAWADA, ANDHRA PRADESH",7.9 / 10
"https://images.static-collegedunia.com/public/college_data/images/appImage/25486_cover%205.png?tr=w-305,h-145,c-force","GANPAT UNIVERSITY - [GUNI], MEHSANA","MEHSANA, GUJARAT",8 / 10
"https://images.static-collegedunia.com/public/college_data/images/appImage/25684_RKDF_NEW.jpg?tr=w-305,h-145,c-force","RKDF UNIVERSITY, BHOPAL","BHOPAL, MADHYA PRADESH",7.5 / 10
"https://images.static-collegedunia.com/public/college_data/images/appImage/25848_SunriseUni_App.jpg?tr=w-305,h-145,c-force","SUNRISE UNIVERSITY - [SRU], ALWAR","ALWAR, RAJASTHAN",8.1 / 10
"https://images.static-collegedunia.com/public/college_data/images/appImage/26001_Untitled%20cvr.png?tr=w-305,h-145,c-force","UTTARANCHAL UNIVERSITY, DEHRADUN","DEHRADUN, UTTARAKHAND",7.4 / 10
"https://images.static-collegedunia.com/public/college_data/images/appImage/54988_Cover.jpg?tr=w-305,h-145,c-force","OPJS UNIVERSITY, CHURU","CHURU, RAJASTHAN",7.2 / 10
"https://images.static-collegedunia.com/public/college_data/images/appImage/14966706191.png?tr=w-305,h-145,c-force","INDIAN INSTITUTE OF TECHNOLOGY - [IIT], BHILAI","BHILAI, CHHATTISGARH",7.5 / 10
"https://images.static-collegedunia.com/public/college_data/images/appImage/14987369191475561187cover.jpg?tr=w-305,h-145,c-force","SANSKRITI UNIVERSITY - [SU], MATHURA","MATHURA, UTTAR PRADESH",6.6 / 10
"https://images.static-collegedunia.com/public/college_data/images/appImage/157813078020190930150239Copy1.jpg?tr=w-305,h-145,c-force","RKDF UNIVERSITY, RANCHI","RANCHI, JHARKHAND","₹ 60,000"
"https://images.static-collegedunia.com/public/college_data/images/appImage/25798_shilpmandir.jpg?tr=w-305,h-145,c-force","BANASTHALI VIDYAPITH, JAIPUR","JAIPUR, RAJASTHAN",8.5 / 10
"https://images.static-collegedunia.com/public/college_data/images/placeholder_300X223.png?tr=w-305,h-145,c-force","MODY UNIVERSITY, SIKAR","SIKAR, RAJASTHAN",8.4 / 10
"https://images.static-collegedunia.com/public/college_data/images/placeholder_300X223.png?tr=w-305,h-145,c-force","SHOOLINI UNIVERSITY, SOLAN","SOLAN, HIMACHAL PRADESH",8.2 / 10
"https://images.static-collegedunia.com/public/college_data/images/appImage/1488952104161464117503.jpg?tr=w-305,h-145,c-force","AWADHESH PRATAP SINGH UNIVERSITY - [APSU], REWA","REWA, MADHYA PRADESH",6.9 / 10
"https://images.static-collegedunia.com/public/college_data/images/appImage/25960_MU_NEW.jpg?tr=w-305,h-145,c-force","MONAD UNIVERSITY, HAPUR","HAPUR, UTTAR PRADESH",7.7 / 10
"https://images.static-collegedunia.com/public/college_data/images/appImage/1592891081Cover.jpg?tr=w-305,h-145,c-force","BML MUNJAL UNIVERSITY - [BMU], GURGAON","GURGAON, HARYANA",8 / 10
"https://images.static-collegedunia.com/public/college_data/images/appImage/15519397363.jpg?tr=w-305,h-145,c-force","CMR UNIVERSITY - [CMRU], BANGALORE","BANGALORE, KARNATAKA",7.6 / 10
"https://images.static-collegedunia.com/public/college_data/images/appImage/57217_cover.jpg?tr=w-305,h-145,c-force","BRAINWARE UNIVERSITY, KOLKATA","KOLKATA, WEST BENGAL",7.3 / 10
"https://images.static-collegedunia.com/public/college_data/images/appImage/1503905250cover.jpg?tr=w-305,h-145,c-force","ACHARYA INSTITUTE OF TECHNOLOGY - [AIT], BANGALORE","BANGALORE, KARNATAKA",7.9 / 10
"https://images.static-collegedunia.com/public/college_data/images/appImage/1485945274c1.jpg?tr=w-305,h-145,c-force","BANGALORE INSTITUTE OF TECHNOLOGY - [BIT], BANGALORE","BANGALORE, KARNATAKA",7.6 / 10
"https://images.static-collegedunia.com/public/college_data/images/appImage/1508756242cvr.png?tr=w-305,h-145,c-force","INTERNATIONAL INSTITUTE OF INFORMATION TECHNOLOGY - [IIIT], BHUBANESWAR","BHUBANESWAR, ORISSA",7.7 / 10
"https://images.static-collegedunia.com/public/college_data/images/placeholder_300X223.png?tr=w-305,h-145,c-force","AMITY UNIVERSITY, JAIPUR","JAIPUR, RAJASTHAN",8 / 10
"https://images.static-collegedunia.com/public/college_data/images/appImage/159378767514603573661428476116.eff9d149bf0c4a4ea6c76a8625f5e13d.jpg?tr=w-305,h-145,c-force","POORNIMA UNIVERSITY - [PU], JAIPUR","JAIPUR, RAJASTHAN",7.8 / 10
"https://images.static-collegedunia.com/public/college_data/images/appImage/1509002471vsdbgvs.png?tr=w-305,h-145,c-force","SIKKIM MANIPAL UNIVERSITY - [SMU], EAST SIKKIM","EAST SIKKIM, SIKKIM",7.3 / 10
"https://images.static-collegedunia.com/public/college_data/images/appImage/25985_4.png?tr=w-305,h-145,c-force","GRAPHIC ERA UNIVERSITY - [GEU], DEHRADUN","DEHRADUN, UTTARAKHAND",8.3 / 10
"https://images.static-collegedunia.com/public/college_data/images/appImage/1523612714CGCBannernew.jpg?tr=w-305,h-145,c-force","CHANDIGARH GROUP OF COLLEGES - [CGC], LANDRAN","LANDRAN, PUNJAB",8.1 / 10
"https://images.static-collegedunia.com/public/college_data/images/appImage/15075487241490766625cvr.png?tr=w-305,h-145,c-force","UNIVERSITY INSTITUTE OF TECHNOLOGY, RAJIV GANDHI PROUDYOGIKI VISHWAVIDYALAYA - [UIT- RGPV], BHOPAL","BHOPAL, MADHYA PRADESH",6.8 / 10
"https://images.static-collegedunia.com/public/college_data/images/appImage/55792_campus818901-001.jpg?tr=w-305,h-145,c-force","INDIAN INSTITUTE OF INFORMATION TECHNOLOGY - [IIITL], LUCKNOW","LUCKNOW, UTTAR PRADESH",7.6 / 10
"https://images.static-collegedunia.com/public/college_data/images/appImage/_iitm3.jpg?tr=w-305,h-145,c-force","INSTITUTE OF INFORMATION TECHNOLOGY & MANAGEMENT - [IITM], GWALIOR","GWALIOR, MADHYA PRADESH",8.5 / 10
"https://images.static-collegedunia.com/public/college_data/images/appImage/148497797557979ap.jpg?tr=w-305,h-145,c-force","INDIAN INSTITUTE OF INFORMATION TECHNOLOGY - [IIIT], PUNE","PUNE, MAHARASHTRA",7.8 / 10
"https://images.static-collegedunia.com/public/college_data/images/appImage/1551680299ttcoverview.jpg?tr=w-305,h-145,c-force","NETTUR TECHNICAL TRAINING FOUNDATION - [NTTF], BANGALORE","BANGALORE, KARNATAKA",8.1 / 10
"https://images.static-collegedunia.com/public/college_data/images/appImage/1583386000cover.jpeg?tr=w-305,h-145,c-force","SANDIP UNIVERSITY, MADHUBAN","MADHUBAN, BIHAR",8.2 / 10
"https://images.static-collegedunia.com/public/college_data/images/appImage/25882_imucover1.jpg?tr=w-305,h-145,c-force","INDIAN MARITIME UNIVERSITY - [IMU], CHENNAI","CHENNAI, TAMIL NADU",7.4 / 10
"https://images.static-collegedunia.com/public/college_data/images/appImage/1583303716slidexp2000000.jpg?tr=w-305,h-145,c-force","YBN UNIVERSITY - [YBN], RANCHI","RANCHI, JHARKHAND",8.2 / 10
"https://images.static-collegedunia.com/public/college_data/images/appImage/14178_MIT_New.jpg?tr=w-305,h-145,c-force","MADRAS INSTITUTE OF TECHNOLOGY- [MIT], CHENNAI","CHENNAI, TAMIL NADU",8.1 / 10
"https://images.static-collegedunia.com/public/college_data/images/appImage/1609137172Sl3.jpg?tr=w-305,h-145,c-force","MALLA REDDY ENGINEERING COLLEGE - [MREC], HYDERABAD","HYDERABAD, TELANGANA",7.4 / 10
"https://images.static-collegedunia.com/public/college_data/images/appImage/1486964140CAMMDSFSF.jpg?tr=w-305,h-145,c-force","MALLA REDDY COLLEGE OF ENGINEERING - [MRCE], SECUNDERABAD","SECUNDERABAD, TELANGANA",7 / 10
"https://images.static-collegedunia.com/public/college_data/images/appImage/25496_indus_new.jpg?tr=w-305,h-145,c-force","INDUS UNIVERSITY, AHMEDABAD","AHMEDABAD, GUJARAT",7.4 / 10
"https://images.static-collegedunia.com/public/college_data/images/appImage/1559718589cover.jpg?tr=w-305,h-145,c-force","AMITY UNIVERSITY, GURGAON","GURGAON, HARYANA",7.7 / 10
"https://images.static-collegedunia.com/public/college_data/images/appImage/1504074450cover2.jpg?tr=w-305,h-145,c-force","ACADEMY OF MARITIME EDUCATION AND TRAINING UNIVERSITY - [AMET], CHENNAI","CHENNAI, TAMIL NADU",7.2 / 10
"https://images.static-collegedunia.com/public/college_data/images/appImage/15849472987067857822399952494617945635913019897675776n.jpg?tr=w-305,h-145,c-force","SHOBHIT UNIVERSITY, MEERUT","MEERUT, UTTAR PRADESH",7.8 / 10
"https://images.static-collegedunia.com/public/college_data/images/appImage/14866460651436767574front222222222.jpg?tr=w-305,h-145,c-force","NATIONAL INSTITUTE OF TECHNOLOGY - [NIT], PONDICHERRY","PONDICHERRY, PUDUCHERRY",7 / 10
"https://images.static-collegedunia.com/public/college_data/images/appImage/1591420360Cover.jpg?tr=w-305,h-145,c-force","MARWADI UNIVERSITY - [MU], RAJKOT","RAJKOT, GUJARAT",8.3 / 10
"https://images.static-collegedunia.com/public/college_data/images/appImage/15001033731475563207cover.jpg?tr=w-305,h-145,c-force","GLOCAL UNIVERSITY, SAHARANPUR","SAHARANPUR, UTTAR PRADESH",7.1 / 10
"https://images.static-collegedunia.com/public/college_data/images/appImage/1565010193IITMJanakpuriCampus.jpg?tr=w-305,h-145,c-force","INDRAPRASTHA INSTITUTE OF TECHNOLOGY AND MANAGEMENT - [IITM], NEW DELHI","NEW DELHI, DELHI NCR",8.3 / 10
"https://images.static-collegedunia.com/public/college_data/images/appImage/1578548098sage.jpg?tr=w-305,h-145,c-force","SAGE UNIVERSITY, BHOPAL","BHOPAL, MADHYA PRADESH",8.7 / 10
"https://images.static-collegedunia.com/public/college_data/images/appImage/1497963295139385715172337917955575944640331044005195n.jpg?tr=w-305,h-145,c-force","IFTM UNIVERSITY, MORADABAD","MORADABAD, UTTAR PRADESH",7.8 / 10
"https://images.static-collegedunia.com/public/college_data/images/appImage/1491481840logo.png?tr=w-305,h-145,c-force","INSTITUTE OF ENGINEERING AND TECHNOLOGY, DEVI AHILYA UNIVERSITY - [IET -DAVV], INDORE","INDORE, MADHYA PRADESH",7.7 / 10
"https://images.static-collegedunia.com/public/college_data/images/appImage/14853281860.jpg?tr=w-305,h-145,c-force","GARDEN CITY UNIVERSITY - [GCU], BANGALORE","BANGALORE, KARNATAKA",7.8 / 10
"https://images.static-collegedunia.com/public/college_data/images/appImage/25893_PRISTUNI.jpg?tr=w-305,h-145,c-force","PONNAIYAH RAMAJAYAM INSTITUTE OF SCIENCE AND TECHNOLOGY UNIVERSITY - [PRIST UNIVERSITY], THANJAVUR","THANJAVUR, TAMIL NADU",6.5 / 10
"https://images.static-collegedunia.com/public/college_data/images/appImage/25729_TISS_APP.jpg?tr=w-305,h-145,c-force","TATA INSTITUTE OF SOCIAL SCIENCES - [TISS], MUMBAI","MUMBAI, MAHARASHTRA",8.4 / 10
"https://images.static-collegedunia.com/public/college_data/images/appImage/28173_RIMTI_New.jpg?tr=w-305,h-145,c-force","RIMT UNIVERSITY, GOBINDGARH","GOBINDGARH, PUNJAB",7.6 / 10
"https://images.static-collegedunia.com/public/college_data/images/appImage/25441_MATSU_APP.jpg?tr=w-305,h-145,c-force","MATS UNIVERSITY, RAIPUR","RAIPUR, CHHATTISGARH",7.4 / 10
"https://images.static-collegedunia.com/public/college_data/images/appImage/12679_AMC.jpg?tr=w-305,h-145,c-force","AMC ENGINEERING COLLEGE - [AMC], BANGALORE","BANGALORE, KARNATAKA",7.2 / 10
"https://images.static-collegedunia.com/public/college_data/images/appImage/12733_cover.jpg?tr=w-305,h-145,c-force","ADITYA ENGINEERING COLLEGE - [AEC], EAST GODAVARI","EAST GODAVARI, ANDHRA PRADESH",7.8 / 10
"https://images.static-collegedunia.com/public/college_data/images/appImage/12998_00B.jpg?tr=w-305,h-145,c-force","BAPATLA ENGINEERING COLLEGE - [BEC], GUNTUR","GUNTUR, ANDHRA PRADESH",7.5 / 10
"https://images.static-collegedunia.com/public/college_data/images/appImage/13210_Untitled963%20cvr.png?tr=w-305,h-145,c-force","CHENNAI INSTITUTE OF TECHNOLOGY - [CIT], CHENNAI","CHENNAI, TAMIL NADU",8.2 / 10
"https://images.static-collegedunia.com/public/college_data/images/appImage/13800_IGIT_NEW.jpg?tr=w-305,h-145,c-force","INDIRA GANDHI INSTITUTE OF TECHNOLOGY- [IGIT], DHENKANAL","DHENKANAL, ORISSA",7.9 / 10
"https://images.static-collegedunia.com/public/college_data/images/appImage/14191_MANIDELHI_APP.jpg?tr=w-305,h-145,c-force","MAHARAJA AGRASEN INSTITUTE OF TECHNOLOGY - [MAIT], NEW DELHI","NEW DELHI, DELHI NCR",7.5 / 10
"https://images.static-collegedunia.com/public/college_data/images/appImage/14199_MSIT_APP.jpg?tr=w-305,h-145,c-force","MAHARAJA SURAJMAL INSTITUTE OF TECHNOLOGY - [MSIT], NEW DELHI","NEW DELHI, DELHI NCR",7.2 / 10
"https://images.static-collegedunia.com/public/college_data/images/appImage/14456_NITTTR_New.png?tr=w-305,h-145,c-force","NATIONAL INSTITUTE OF TECHNICAL TEACHERS TRAINING AND RESEARCH - [NITTTR], CHANDIGARH","CHANDIGARH, CHANDIGARH",7.7 / 10
"https://images.static-collegedunia.com/public/college_data/images/appImage/24339_PEC_New.jpg?tr=w-305,h-145,c-force","PANIMALAR ENGINEERING COLLEGE, CHENNAI","CHENNAI, TAMIL NADU",8.2 / 10
"https://images.static-collegedunia.com/public/college_data/images/appImage/25849_SGVU_NEW.jpg?tr=w-305,h-145,c-force","SURESH GYAN VIHAR UNIVERSITY - [SGVU], JAIPUR","JAIPUR, RAJASTHAN",7.5 / 10
"https://images.static-collegedunia.com/public/college_data/images/appImage/1498037541cvr.png?tr=w-305,h-145,c-force","INVERTIS UNIVERSITY, BAREILLY","BAREILLY, UTTAR PRADESH",8.2 / 10
"https://images.static-collegedunia.com/public/college_data/images/appImage/28213_NITSIKKIM.jpg?tr=w-305,h-145,c-force","NATIONAL INSTITUTE OF TECHNOLOGY - [NIT], SOUTH SIKKIM","SOUTH SIKKIM, SIKKIM",7.5 / 10
"https://images.static-collegedunia.com/public/college_data/images/placeholder_300X223.png?tr=w-305,h-145,c-force","INDIAN INSTITUTE OF INFORMATION TECHNOLOGY - [IIITG], GUWAHATI","GUWAHATI, ASSAM",7.5 / 10
"https://images.static-collegedunia.com/public/college_data/images/appImage/1504518142cvrnew.png?tr=w-305,h-145,c-force","INDIAN INSTITUTE OF INFORMATION TECHNOLOGY -[IIIT], BHOPAL","BHOPAL, MADHYA PRADESH",6 / 10
"https://images.static-collegedunia.com/public/college_data/images/appImage/1512646020cccccccccccccc.jpg?tr=w-305,h-145,c-force","QUANTUM UNIVERSITY, ROORKEE","ROORKEE, UTTARAKHAND",8.3 / 10
"https://images.static-collegedunia.com/public/college_data/images/appImage/1524806867UniversityBuilding.jpg?tr=w-305,h-145,c-force","SAGE UNIVERSITY, INDORE","INDORE, MADHYA PRADESH",8.7 / 10
"https://images.static-collegedunia.com/public/college_data/images/appImage/1572858735download.jpeg?tr=w-305,h-145,c-force","GOVERNMENT ENGINEERING COLLEGE - [GEC], GOPALGANJ","GOPALGANJ, BIHAR",8.6 / 10
"https://images.static-collegedunia.com/public/college_data/images/appImage/148998397255.jpg?tr=w-305,h-145,c-force","ACROPOLIS INSTITUTE OF TECHNOLOGY & RESEARCH - [AITR], INDORE","INDORE, MADHYA PRADESH",7.8 / 10
"https://images.static-collegedunia.com/public/college_data/images/appImage/25807_IIS_APP.jpg?tr=w-305,h-145,c-force","IIS (DEEMED TO BE UNIVERSITY) - [IISU], JAIPUR","JAIPUR, RAJASTHAN",8.3 / 10
"https://images.static-collegedunia.com/public/college_data/images/appImage/54829_MU_NEW.jpg?tr=w-305,h-145,c-force","MADHAV UNIVERSITY - [MU], SIROHI","SIROHI, RAJASTHAN",7.8 / 10
"https://images.static-collegedunia.com/public/college_data/images/appImage/1587063265bld.png?tr=w-305,h-145,c-force","MANGALAYATAN UNIVERSITY - [MU], ALIGARH","ALIGARH, UTTAR PRADESH",7.9 / 10
"https://images.static-collegedunia.com/public/college_data/images/appImage/25737_CMJ_APP.jpg?tr=w-305,h-145,c-force","CMJ UNIVERSITY, RI-BHOI","RI-BHOI, MEGHALAYA",8.3 / 10
"https://images.static-collegedunia.com/public/college_data/images/appImage/25501_nav.png?tr=w-305,h-145,c-force","NAVRACHANA UNIVERSITY - [NUV], VADODARA","VADODARA, GUJARAT",7.6 / 10
"https://images.static-collegedunia.com/public/college_data/images/appImage/15003646601.png?tr=w-305,h-145,c-force","AMITY UNIVERSITY, PATNA","PATNA, BIHAR",7.8 / 10
"https://images.static-collegedunia.com/public/college_data/images/appImage/1492759018cover.jpg?tr=w-305,h-145,c-force","ARYABHATTA KNOWLEDGE UNIVERSITY - [AKU], PATNA","PATNA, BIHAR",8 / 10
"https://images.static-collegedunia.com/public/college_data/images/appImage/25783_GKU_NEW.jpg?tr=w-305,h-145,c-force","GURU KASHI UNIVERSITY, BATHINDA","BATHINDA, PUNJAB",7.5 / 10
"https://images.static-collegedunia.com/public/college_data/images/appImage/1595668753MEDICALCOLLEGE.png?tr=w-305,h-145,c-force","RAMA UNIVERSITY, KANPUR","KANPUR, UTTAR PRADESH",6.7 / 10
"https://images.static-collegedunia.com/public/college_data/images/appImage/1608224471Cover.jpg?tr=w-305,h-145,c-force","SISTER NIVEDITA UNIVERSITY - [SNU], KOLKATA","KOLKATA, WEST BENGAL",8.7 / 10
"https://images.static-collegedunia.com/public/college_data/images/appImage/1600086586Cover.jpg?tr=w-305,h-145,c-force","NOIDA INSTITUTE OF ENGINEERING AND TECHNOLOGY - [NIET], GREATER NOIDA","GREATER NOIDA, UTTAR PRADESH",7.6 / 10
"https://images.static-collegedunia.com/public/college_data/images/appImage/12665_ABESEC_New.jpg?tr=w-305,h-145,c-force","ABES ENGINEERING COLLEGE, GHAZIABAD","GHAZIABAD, UTTAR PRADESH",7.9 / 10
"https://images.static-collegedunia.com/public/college_data/images/appImage/12891_AN2.jpg?tr=w-305,h-145,c-force","ASANSOL ENGINEERING COLLEGE - [AEC], ASANSOL","ASANSOL, WEST BENGAL",7.7 / 10
"https://images.static-collegedunia.com/public/college_data/images/appImage/13059_BVPCE_APP.png?tr=w-305,h-145,c-force","BHARATI VIDYAPEETH'S COLLEGE OF ENGINEERING - [BVCOE], NEW DELHI","NEW DELHI, DELHI NCR",7.5 / 10
"https://images.static-collegedunia.com/public/college_data/images/appImage/13119_BIET.jpg?tr=w-305,h-145,c-force","BUNDELKHAND INSTITUTE OF ENGINEERING & TECHNOLOGY - [BIET], JHANSI","JHANSI, UTTAR PRADESH",7.1 / 10
"https://images.static-collegedunia.com/public/college_data/images/appImage/13642_GEC_New.jpg?tr=w-305,h-145,c-force","GUDLAVALLERU ENGINEERING COLLEGE - [GEC], KRISHNA","KRISHNA, ANDHRA PRADESH",8.1 / 10
"https://images.static-collegedunia.com/public/college_data/images/appImage/1497943540cvr.png?tr=w-305,h-145,c-force","HARCOURT BUTLER TECHNOLOGICAL UNIVERSITY - [HBTU], KANPUR","KANPUR, UTTAR PRADESH",7.3 / 10
"https://images.static-collegedunia.com/public/college_data/images/appImage/1582609914jaypee.jpg?tr=w-305,h-145,c-force","JAYPEE UNIVERSITY OF ENGINEERING AND TECHNOLOGY - [JUET], GUNA","GUNA, MADHYA PRADESH",7.8 / 10
"https://images.static-collegedunia.com/public/college_data/images/appImage/14164_MVJ_NEW.jpg?tr=w-305,h-145,c-force","MVJ COLLEGE OF ENGINEERING - [MVJCE], BANGALORE","BANGALORE, KARNATAKA",7.7 / 10
"https://images.static-collegedunia.com/public/college_data/images/appImage/1515222034AppNew.jpg?tr=w-305,h-145,c-force","RAJIV GANDHI INSTITUTE OF PETROLEUM TECHNOLOGY - [RGIPT], RAE BARELI","RAE BARELI, UTTAR PRADESH",8.6 / 10
"https://images.static-collegedunia.com/public/college_data/images/appImage/15284_dxadada.png?tr=w-305,h-145,c-force","SRI VENKATESWARA COLLEGE OF ENGINEERING - [SVCE], TIRUPATI","TIRUPATI, ANDHRA PRADESH",8.3 / 10
"https://images.static-collegedunia.com/public/college_data/images/appImage/15452_TSEC_New.jpg?tr=w-305,h-145,c-force","THADOMAL SHAHANI ENGINEERING COLLEGE - [TSEC], MUMBAI","MUMBAI, MAHARASHTRA",7.4 / 10
"https://images.static-collegedunia.com/public/college_data/images/appImage/24590_VEC_NEW.jpg?tr=w-305,h-145,c-force","VELAMMAL ENGINEERING COLLEGE - [VEC], CHENNAI","CHENNAI, TAMIL NADU",7.5 / 10
"https://images.static-collegedunia.com/public/college_data/images/appImage/25656_AISECT_APP.jpg?tr=w-305,h-145,c-force","RABINDRANATH TAGORE UNIVERSITY - [RNTU], BHOPAL","BHOPAL, MADHYA PRADESH",7.7 / 10
"https://images.static-collegedunia.com/public/college_data/images/appImage/25964_1.jpg?tr=w-305,h-145,c-force","NOIDA INTERNATIONAL UNIVERSITY - [NIU], GREATER NOIDA","GREATER NOIDA, UTTAR PRADESH",6.8 / 10
"https://images.static-collegedunia.com/public/college_data/images/appImage/28219_NITNAGALAND.jpg?tr=w-305,h-145,c-force","NATIONAL INSTITUTE OF TECHNOLOGY - [NIT], DIMAPUR","DIMAPUR, NAGALAND",7 / 10
"https://images.static-collegedunia.com/public/college_data/images/appImage/45650_CIT_New.jpg?tr=w-305,h-145,c-force","CENTRAL INSTITUTE OF TECHNOLOGY - [CIT], KOKRAJHAR","KOKRAJHAR, ASSAM",7 / 10
"https://images.static-collegedunia.com/public/college_data/images/appImage/45849_VITT_APP.jpg?tr=w-305,h-145,c-force","VIDYALANKAR INSTITUTE OF TECHNOLOGY - [VIT], MUMBAI","MUMBAI, MAHARASHTRA",8.4 / 10
"https://images.static-collegedunia.com/public/college_data/images/appImage/1502880341homeimg1.jpg?tr=w-305,h-145,c-force","APJ ABDUL KALAM TECHNOLOGICAL UNIVERSITY, THIRUVANANTHAPURAM","THIRUVANANTHAPURAM, KERALA",7.8 / 10
"https://images.static-collegedunia.com/public/college_data/images/appImage/55787_2w-001.jpg?tr=w-305,h-145,c-force","INDIAN INSTITUTE OF INFORMATION TECHNOLOGY VADODARA - [IIIT-V], GANDHI NAGAR","GANDHI NAGAR, GUJARAT",7.8 / 10
"https://images.static-collegedunia.com/public/college_data/images/appImage/57205_cover%201.jpg?tr=w-305,h-145,c-force","GRAPHIC ERA HILL UNIVERSITY - [GEHU], DEHRADUN","DEHRADUN, UTTARAKHAND",8.1 / 10
"https://images.static-collegedunia.com/public/college_data/images/appImage/57446_Capture.jpg?tr=w-305,h-145,c-force","UNIVERSITY OF ENGINEERING AND MANAGEMENT - [UEM], KOLKATA","KOLKATA, WEST BENGAL",8.1 / 10
"https://images.static-collegedunia.com/public/college_data/images/appImage/57974_D1.jpg?tr=w-305,h-145,c-force","INDIAN INSTITUTE OF INFORMATION TECHNOLOGY - [IIIT], NAGPUR","NAGPUR, MAHARASHTRA",6.9 / 10
"https://images.static-collegedunia.com/public/college_data/images/appImage/1496211966AppNew.jpg?tr=w-305,h-145,c-force","ORIENTAL UNIVERSITY - [OU], INDORE","INDORE, MADHYA PRADESH",7.2 / 10
"https://images.static-collegedunia.com/public/college_data/images/appImage/1497596588banner24.jpgqedq.jpg?tr=w-305,h-145,c-force","BUNDELKHAND UNIVERSITY, INSTITUTE OF ENGINEERING AND TECHNOLOGY, JHANSI","JHANSI, UTTAR PRADESH",8.7 / 10
"https://images.static-collegedunia.com/public/college_data/images/appImage/15095281861472129788aaaaaa.jpg?tr=w-305,h-145,c-force","AMITY UNIVERSITY, GWALIOR","GWALIOR, MADHYA PRADESH",8.6 / 10
"https://images.static-collegedunia.com/public/college_data/images/appImage/1488272151banimg4Copy.jpg?tr=w-305,h-145,c-force","GSFC UNIVERSITY, VADODARA","VADODARA, GUJARAT",8 / 10
"https://images.static-collegedunia.com/public/college_data/images/appImage/1493797309Capture..jpg?tr=w-305,h-145,c-force","AISECT UNIVERSITY, HAZARIBAGH","HAZARIBAGH, JHARKHAND",9.9 / 10
"https://images.static-collegedunia.com/public/college_data/images/appImage/1542634927IILMGurgaonCampus.jpg?tr=w-305,h-145,c-force","IILM UNIVERSITY, GURGAON","GURGAON, HARYANA",8.3 / 10
"https://images.static-collegedunia.com/public/college_data/images/appImage/13462_FISAT_NEW.jpg?tr=w-305,h-145,c-force","FEDERAL INSTITUTE OF SCIENCE AND TECHNOLOGY - [FISAT], ERNAKULAM","ERNAKULAM, KERALA",8.2 / 10
"https://images.static-collegedunia.com/public/college_data/images/appImage/13522_GCET_NEW.jpg?tr=w-305,h-145,c-force","GALGOTIAS COLLEGE OF ENGINEERING AND TECHNOLOGY - [GCET], GREATER NOIDA","GREATER NOIDA, UTTAR PRADESH",7.8 / 10
"https://images.static-collegedunia.com/public/college_data/images/appImage/13557_GAT_New.jpg?tr=w-305,h-145,c-force","GLOBAL ACADEMY OF TECHNOLOGY - [GAT], BANGALORE","BANGALORE, KARNATAKA",7.8 / 10
"https://images.static-collegedunia.com/public/college_data/images/appImage/1579601241Annotation2020011810190D.jpg?tr=w-305,h-145,c-force","HKBK COLLEGE OF ENGINEERING - [HKBKCE], BANGALORE","BANGALORE, KARNATAKA",6.7 / 10
"https://images.static-collegedunia.com/public/college_data/images/appImage/15276_13.jpg?tr=w-305,h-145,c-force","SRI VASAVI ENGINEERING COLLEGE - [SVEC], TADEPALLIGUDEM","TADEPALLIGUDEM, ANDHRA PRADESH",7.9 / 10
"https://images.static-collegedunia.com/public/college_data/images/appImage/19131_VILLENG_APP.jpg?tr=w-305,h-145,c-force","SRM VALLIAMMAI ENGINEERING COLLEGE -[VEC], KANCHIPURAM","KANCHIPURAM, TAMIL NADU",7.8 / 10
"https://images.static-collegedunia.com/public/college_data/images/appImage/25387_NITARUNACHAL_APP.jpg?tr=w-305,h-145,c-force","NATIONAL INSTITUTE OF TECHNOLOGY - [NIT], PAPUM PARE","PAPUM PARE, ARUNACHAL PRADESH",7.7 / 10
"https://images.static-collegedunia.com/public/college_data/images/appImage/15030365911447917040UKANEW.jpg?tr=w-305,h-145,c-force","UKA TARSADIA UNIVERSITY, BARDOLI","BARDOLI, GUJARAT",8.1 / 10
"https://images.static-collegedunia.com/public/college_data/images/appImage/25655_AKS_NEW.jpg?tr=w-305,h-145,c-force","AKS UNIVERSITY - [AKSU], SATNA","SATNA, MADHYA PRADESH",7.2 / 10
"https://images.static-collegedunia.com/public/college_data/images/appImage/25923_BBDU_APP.jpg?tr=w-305,h-145,c-force","BABU BANARASI DAS UNIVERSITY - [BBDU], LUCKNOW","LUCKNOW, UTTAR PRADESH",7.4 / 10
"https://images.static-collegedunia.com/public/college_data/images/appImage/28298_NITMZ_NEW.jpg?tr=w-305,h-145,c-force","NATIONAL INSTITUTE OF TECHNOLOGY - [NIT], AIZAWL","AIZAWL, MIZORAM",5.5 / 10
"https://images.static-collegedunia.com/public/college_data/images/appImage/1594969568Cover.jpg?tr=w-305,h-145,c-force","JIS COLLEGE OF ENGINEERING - [JISCE], KOLKATA","KOLKATA, WEST BENGAL",7.9 / 10
"https://images.static-collegedunia.com/public/college_data/images/appImage/55781_banner1-001.jpg?tr=w-305,h-145,c-force","INDIAN INSTITUTE OF INFORMATION TECHNOLOGY - [IIITD], DHARWAD","DHARWAD, KARNATAKA",7.4 / 10
"https://images.static-collegedunia.com/public/college_data/images/appImage/55788_kjiujyh-001.jpg?tr=w-305,h-145,c-force","INDIAN INSTITUTE OF INFORMATION TECHNOLOGY - [IIIT-K], KOTA","KOTA, RAJASTHAN",7.5 / 10
"https://images.static-collegedunia.com/public/college_data/images/appImage/_klkl-001.jpg?tr=w-305,h-145,c-force","INDIAN INSTITUTE OF INFORMATION TECHNOLOGY SRI CITY - [IIIT], SRI CITY","SRI CITY, ANDHRA PRADESH",7 / 10
"https://images.static-collegedunia.com/public/college_data/images/appImage/_front-001.jpg?tr=w-305,h-145,c-force","INDIAN INSTITUTE OF INFORMATION TECHNOLOGY - [IIIT], UNA","UNA, HIMACHAL PRADESH",7.6 / 10
"https://images.static-collegedunia.com/public/college_data/images/appImage/_adminbuildingnitap.jpg?tr=w-305,h-145,c-force","NATIONAL INSTITUTE OF TECHNOLOGY - [NITAP], TADEPALLIGUDEM","TADEPALLIGUDEM, ANDHRA PRADESH",7.1 / 10
"https://images.static-collegedunia.com/public/college_data/images/appImage/_1111111.jpg?tr=w-305,h-145,c-force","AMITY UNIVERSITY, RAIPUR","RAIPUR, CHHATTISGARH",8 / 10
"https://images.static-collegedunia.com/public/college_data/images/appImage/_12.jpg?tr=w-305,h-145,c-force","RAJIV GANDHI UNIVERSITY OF KNOWLEDGE TECHNOLOGIES -[RGUKT], NUZVID","NUZVID, ANDHRA PRADESH",8.3 / 10
"https://images.static-collegedunia.com/public/college_data/images/appImage/57972_54.jpg?tr=w-305,h-145,c-force","INDIAN INSTITUTE OF INFORMATION TECHNOLOGY - [IIIT], RANCHI","RANCHI, JHARKHAND",8 / 10
"https://images.static-collegedunia.com/public/college_data/images/appImage/25668_itm.png?tr=w-305,h-145,c-force","ITM UNIVERSITY, GWALIOR","GWALIOR, MADHYA PRADESH",7.6 / 10
"https://images.static-collegedunia.com/public/college_data/images/appImage/1589963358campus.jpg?tr=w-305,h-145,c-force","JAGANNATH UNIVERSITY, JAIPUR","JAIPUR, RAJASTHAN",7.3 / 10
"https://images.static-collegedunia.com/public/college_data/images/appImage/28262_UIET_NEW.jpg?tr=w-305,h-145,c-force","UNIVERSITY INSTITUTE OF ENGINEERING AND TECHNOLOGY -[UIET], CHANDIGARH","CHANDIGARH, CHANDIGARH",7.4 / 10
"https://images.static-collegedunia.com/public/college_data/images/appImage/1585717823RBUSlider.jpg?tr=w-305,h-145,c-force","RAYAT BAHRA UNIVERSITY, MOHALI","MOHALI, PUNJAB",7.7 / 10
"https://images.static-collegedunia.com/public/college_data/images/appImage/25634_YENEPOYA_APP.jpg?tr=w-305,h-145,c-force","YENEPOYA UNIVERSITY, MANGALORE","MANGALORE, KARNATAKA",7.7 / 10
"https://images.static-collegedunia.com/public/college_data/images/appImage/25744_1445430130NEHU_New.jpg?tr=w-305,h-145,c-force","NORTH-EASTERN HILL UNIVERSITY - [NEHU], SHILLONG","SHILLONG, MEGHALAYA",7.9 / 10
"https://images.static-collegedunia.com/public/college_data/images/appImage/25394_TADBU_APP.jpg?tr=w-305,h-145,c-force","ASSAM DON BOSCO UNIVERSITY - [ADBU], GUWAHATI","GUWAHATI, ASSAM",7.9 / 10
"https://images.static-collegedunia.com/public/college_data/images/appImage/1595333731Cover.jpeg?tr=w-305,h-145,c-force","AURO UNIVERSITY, SURAT","SURAT, GUJARAT",8.4 / 10
"https://images.static-collegedunia.com/public/college_data/images/appImage/25779_DAVU_NEW.jpg?tr=w-305,h-145,c-force","DAV UNIVERSITY, JALANDHAR","JALANDHAR, PUNJAB",7.8 / 10
"https://images.static-collegedunia.com/public/college_data/images/appImage/15064966471447674068ICFAINEW.jpg?tr=w-305,h-145,c-force","ICFAI UNIVERSITY, WEST TRIPURA","WEST TRIPURA, TRIPURA",8 / 10
"https://images.static-collegedunia.com/public/college_data/images/appImage/1496989771AppNew.jpg?tr=w-305,h-145,c-force","STAREX UNIVERSITY, GURGAON","GURGAON, HARYANA",8.8 / 10
"https://images.static-collegedunia.com/public/college_data/images/appImage/1500614716Capture.png?tr=w-305,h-145,c-force","TANTIA UNIVERSITY, SRIGANGANAGAR","SRIGANGANAGAR, RAJASTHAN",8.6 / 10
"https://images.static-collegedunia.com/public/college_data/images/appImage/12900_aSSAM_NEW.jpg?tr=w-305,h-145,c-force","ASSAM ENGINEERING COLLEGE - [AEC], GUWAHATI","GUWAHATI, ASSAM",7.5 / 10
"https://images.static-collegedunia.com/public/college_data/images/appImage/12904_ACE_New.jpg?tr=w-305,h-145,c-force","ATHARVA COLLEGE OF ENGINEERING, MUMBAI","MUMBAI, MAHARASHTRA",8.1 / 10
"https://images.static-collegedunia.com/public/college_data/images/appImage/14930375281446554590bhaglapurnew.jpg?tr=w-305,h-145,c-force","BHAGALPUR COLLEGE OF ENGINEERING - [BCE], BHAGALPUR","BHAGALPUR, BIHAR",7.5 / 10
"https://images.static-collegedunia.com/public/college_data/images/appImage/13358_1470725104cover%20image.jpg?tr=w-305,h-145,c-force","DON BOSCO INSTITUTE OF TECHNOLOGY - [DBIT], MUMBAI","MUMBAI, MAHARASHTRA",8.1 / 10
"https://images.static-collegedunia.com/public/college_data/images/appImage/13588_govt%20en%20logo.jpg?tr=w-305,h-145,c-force","GOVERNMENT COLLEGE OF ENGINEERING - [GECA], AURANGABAD","AURANGABAD, MAHARASHTRA",7.6 / 10
"https://images.static-collegedunia.com/public/college_data/images/appImage/13636_123.jpg?tr=w-305,h-145,c-force","GNIOT GROUP OF INSTITUTIONS - [GNIOT], GREATER NOIDA","GREATER NOIDA, UTTAR PRADESH",6.4 / 10
"https://images.static-collegedunia.com/public/college_data/images/appImage/1522667396Jepp.jpg?tr=w-305,h-145,c-force","JEPPIAAR ENGINEERING COLLEGE, CHENNAI","CHENNAI, TAMIL NADU",7.5 / 10
"https://images.static-collegedunia.com/public/college_data/images/appImage/13966_KGEC_New.jpg?tr=w-305,h-145,c-force","KALYANI GOVERNMENT ENGINEERING COLLEGE - [KGEC], NADIA","NADIA, WEST BENGAL",7.7 / 10
"https://images.static-collegedunia.com/public/college_data/images/appImage/13985_KARPAGAM_APP.jpg?tr=w-305,h-145,c-force","KARPAGAM COLLEGE OF ENGINEERING - [KCE], COIMBATORE","COIMBATORE, TAMIL NADU",8 / 10
"https://images.static-collegedunia.com/public/college_data/images/appImage/14962174791443707268KIETNew.jpg?tr=w-305,h-145,c-force","KIET GROUP OF INSTITUTIONS - [KIET], GHAZIABAD","GHAZIABAD, UTTAR PRADESH",8.1 / 10
"https://images.static-collegedunia.com/public/college_data/images/appImage/14064_LGCE_APP.jpg?tr=w-305,h-145,c-force","L.D. COLLEGE OF ENGINEERING - [LDCE], AHMEDABAD","AHMEDABAD, GUJARAT",8.2 / 10
"https://images.static-collegedunia.com/public/college_data/images/appImage/14553_cover1.jpg?tr=w-305,h-145,c-force","PES COLLEGE OF ENGINEERING - [PESCOE], AURANGABAD","AURANGABAD, MAHARASHTRA",7.2 / 10
"https://images.static-collegedunia.com/public/college_data/images/appImage/14691_Untitled.jpg?tr=w-305,h-145,c-force","RAGHU ENGINEERING COLLEGE - [REC], VISAKHAPATNAM","VISAKHAPATNAM, ANDHRA PRADESH",8.1 / 10
"https://images.static-collegedunia.com/public/college_data/images/appImage/15135_SIT_New.jpg?tr=w-305,h-145,c-force","SILICON INSTITUTE OF TECHNOLOGY - [SIT], BHUBANESWAR","BHUBANESWAR, ORISSA",7.7 / 10
"https://images.static-collegedunia.com/public/college_data/images/appImage/15409_SITPUNE_NEW.jpg?tr=w-305,h-145,c-force","SYMBIOSIS INSTITUTE OF TECHNOLOGY - [SIT], PUNE","PUNE, MAHARASHTRA",8.3 / 10
"https://images.static-collegedunia.com/public/college_data/images/appImage/15450_Untitled.jpg?tr=w-305,h-145,c-force","TPCT’S TERNA ENGINEERING COLLEGE - [TEC], NAVI MUMBAI","NAVI MUMBAI, MAHARASHTRA",7.5 / 10
"https://images.static-collegedunia.com/public/college_data/images/appImage/15528_VESIT.jpg?tr=w-305,h-145,c-force","VIVEKANAND EDUCATION SOCIETY INSTITUTE OF TECHNOLOGY - [VESIT], MUMBAI","MUMBAI, MAHARASHTRA",8.1 / 10
"https://images.static-collegedunia.com/public/college_data/images/appImage/16601_IICT_New.jpg?tr=w-305,h-145,c-force","INDIAN INSTITUTE OF CHEMICAL TECHNOLOGY - [IICT], HYDERABAD","HYDERABAD, TELANGANA",7.7 / 10
"https://images.static-collegedunia.com/public/college_data/images/appImage/16918_simg5641bede35060.jpg?tr=w-305,h-145,c-force","SREENIDHI INSTITUTE OF SCIENCE AND TECHNOLOGY - [SNIST], HYDERABAD","HYDERABAD, TELANGANA",7.5 / 10
"https://images.static-collegedunia.com/public/college_data/images/appImage/24320_PAAVAI_APP.jpg?tr=w-305,h-145,c-force","PAAVAI ENGINEERING COLLEGE (AUTONOMOUS), NAMAKKAL","NAMAKKAL, TAMIL NADU",6.7 / 10
"https://images.static-collegedunia.com/public/college_data/images/appImage/25462_KRMU_APP.jpg?tr=w-305,h-145,c-force","KR MANGALAM UNIVERSITY, GURGAON","GURGAON, HARYANA",7.6 / 10
"https://images.static-collegedunia.com/public/college_data/images/appImage/1587025880Cover.jpeg?tr=w-305,h-145,c-force","RK UNIVERSITY - [RKU], RAJKOT","RAJKOT, GUJARAT",8.5 / 10
"https://images.static-collegedunia.com/public/college_data/images/appImage/25548_3.jpg?tr=w-305,h-145,c-force","BADDI UNIVERSITY OF EMERGING SCIENCES AND TECHNOLOGIES - [BUEST], BADDI","BADDI, HIMACHAL PRADESH",7.2 / 10
"https://images.static-collegedunia.com/public/college_data/images/appImage/1593067485BUILDINGPHOTO2020.jpg?tr=w-305,h-145,c-force","SAI NATH UNIVERSITY, RANCHI","RANCHI, JHARKHAND",6.8 / 10
"https://images.static-collegedunia.com/public/college_data/images/appImage/1549272400SMS88882.jpg?tr=w-305,h-145,c-force","GITAM, BANGALORE","BANGALORE, KARNATAKA",7.3 / 10
"https://images.static-collegedunia.com/public/college_data/images/appImage/14951963585BL.jpg?tr=w-305,h-145,c-force","PACIFIC UNIVERSITY, UDAIPUR","UDAIPUR, RAJASTHAN",7.7 / 10
"https://images.static-collegedunia.com/public/college_data/images/appImage/25990_ICFAI_APP.jpg?tr=w-305,h-145,c-force","ICFAI UNIVERSITY, DEHRADUN","DEHRADUN, UTTARAKHAND",7.8 / 10
"https://images.static-collegedunia.com/public/college_data/images/appImage/1584288761image4.jpg?tr=w-305,h-145,c-force","KCG COLLEGE OF TECHNOLOGY, CHENNAI","CHENNAI, TAMIL NADU",7.7 / 10
"https://images.static-collegedunia.com/public/college_data/images/appImage/1493615792123.jpg?tr=w-305,h-145,c-force","BIRLA INSTITUTE OF TECHNOLOGY - [BIT], PATNA","PATNA, BIHAR",7.2 / 10
"https://images.static-collegedunia.com/public/college_data/images/appImage/14857579134.jpg?tr=w-305,h-145,c-force","INDIAN INSTITUTE OF INFORMATION TECHNOLOGY - [IIITK], KALYANI","KALYANI, WEST BENGAL",6.6 / 10
"https://images.static-collegedunia.com/public/college_data/images/appImage/55791_MANHIK-001.jpg?tr=w-305,h-145,c-force","INDIAN INSTITUTE OF INFORMATION TECHNOLOGY DESIGN AND MANUFACTURING - [IIITDM], KURNOOL","KURNOOL, ANDHRA PRADESH",7.4 / 10
"https://images.static-collegedunia.com/public/college_data/images/appImage/1542176342GITAMHyderabad.png?tr=w-305,h-145,c-force","GITAM, HYDERABAD","HYDERABAD, TELANGANA",7.5 / 10
"https://images.static-collegedunia.com/public/college_data/images/appImage/1607013025Cover.jpg?tr=w-305,h-145,c-force","MEDI-CAPS UNIVERSITY, INDORE","INDORE, MADHYA PRADESH",7.3 / 10
"https://images.static-collegedunia.com/public/college_data/images/appImage/57061_1.jpg?tr=w-305,h-145,c-force","INSTITUTE OF INFRASTRUCTURE TECHNOLOGY RESEARCH AND MANAGEMENT - [IITRAM], AHMEDABAD","AHMEDABAD, GUJARAT",7.6 / 10
"https://images.static-collegedunia.com/public/college_data/images/appImage/1604916369Cover.jpg?tr=w-305,h-145,c-force","GNA UNIVERSITY, PHAGWARA","PHAGWARA, PUNJAB",7.7 / 10
"https://images.static-collegedunia.com/public/college_data/images/appImage/1550320727MEC.png?tr=w-305,h-145,c-force","MAHINDRA UNIVERSITY, HYDERABAD","HYDERABAD, TELANGANA",8.8 / 10
"https://images.static-collegedunia.com/public/college_data/images/appImage/151426811920171225.png?tr=w-305,h-145,c-force","THE NEOTIA UNIVERSITY - [TNU], KOLKATA","KOLKATA, WEST BENGAL",8.2 / 10
"https://images.static-collegedunia.com/public/college_data/images/appImage/57713_cvr.png?tr=w-305,h-145,c-force","CENTRE FOR DEVELOPMENT OF ADVANCED COMPUTING - [CDAC], NOIDA","NOIDA, UTTAR PRADESH",8.3 / 10
"https://images.static-collegedunia.com/public/college_data/images/appImage/148500215957975ap.jpg?tr=w-305,h-145,c-force","INDIAN INSTITUTE OF INFORMATION TECHNOLOGY [IIIT], KOTTAYAM","KOTTAYAM, KERALA",8.3 / 10
"https://images.static-collegedunia.com/public/college_data/images/appImage/1498131055cvr.png?tr=w-305,h-145,c-force","INTERNATIONAL INSTITUTE OF INFORMATION TECHNOLOGY - [IIIT] NAYA RAIPUR, RAIPUR","RAIPUR, CHHATTISGARH",8.1 / 10
"https://images.static-collegedunia.com/public/college_data/images/appImage/1504522275cvr.png?tr=w-305,h-145,c-force","INDIAN INSTITUTE OF INFORMATION TECHNOLOGY - [IIIT], SURAT","SURAT, GUJARAT",7.6 / 10
"https://images.static-collegedunia.com/public/college_data/images/appImage/1583228569cover.jpg?tr=w-305,h-145,c-force","INTERNATIONAL SCHOOL OF ENGINEERING - [INSOFE], MUMBAI","MUMBAI, MAHARASHTRA",8.6 / 10
"https://images.static-collegedunia.com/public/college_data/images/appImage/28581_SIT_New.jpg?tr=w-305,h-145,c-force","SILICON INSTITUTE OF TECHNOLOGY - [SIT], SAMBALPUR","SAMBALPUR, ORISSA",7.7 / 10
"https://images.static-collegedunia.com/public/college_data/images/appImage/1487832316xavieruniversitybhubaneswarbuzz.jpg?tr=w-305,h-145,c-force","XAVIER UNIVERSITY - [XUB], BHUBANESWAR","BHUBANESWAR, ORISSA",8.2 / 10
"https://images.static-collegedunia.com/public/college_data/images/appImage/1583128481cvrumain.jpg?tr=w-305,h-145,c-force","DR. C.V. RAMAN UNIVERSITY - [CVRU], BILASPUR","BILASPUR, CHHATTISGARH",7 / 10
"https://images.static-collegedunia.com/public/college_data/images/appImage/1609587473Infra.png?tr=w-305,h-145,c-force","JAGRAN LAKECITY UNIVERSITY - [JLU], BHOPAL","BHOPAL, MADHYA PRADESH",8 / 10
"https://images.static-collegedunia.com/public/college_data/images/placeholder_300X223.png?tr=w-305,h-145,c-force","MAHARISHI MARKANDESHWAR - [MMU], SOLAN","SOLAN, HIMACHAL PRADESH",8.9 / 10
"https://images.static-collegedunia.com/public/college_data/images/appImage/57418_cvr.png?tr=w-305,h-145,c-force","MOTHERHOOD UNIVERSITY, ROORKEE","ROORKEE, UTTARAKHAND",8 / 10
"https://images.static-collegedunia.com/public/college_data/images/appImage/12672_ACSCE_New.jpg?tr=w-305,h-145,c-force","ACS COLLEGE OF ENGINEERING - [ACSCE], BANGALORE","BANGALORE, KARNATAKA",7.5 / 10
"https://images.static-collegedunia.com/public/college_data/images/appImage/12727_ACE_NEW.jpg?tr=w-305,h-145,c-force","ADHIYAMAAN COLLEGE OF ENGINEERING, HOSUR","HOSUR, TAMIL NADU",7.7 / 10
"https://images.static-collegedunia.com/public/college_data/images/appImage/1499925698mb02.jpg?tr=w-305,h-145,c-force","AJAY KUMAR GARG ENGINEERING COLLEGE - [AKGEC], GHAZIABAD","GHAZIABAD, UTTAR PRADESH",7.7 / 10
"https://images.static-collegedunia.com/public/college_data/images/appImage/1577784568download.jpg?tr=w-305,h-145,c-force","ATRIA INSTITUTE OF TECHNOLOGY, BANGALORE","BANGALORE, KARNATAKA",6.7 / 10
"https://images.static-collegedunia.com/public/college_data/images/appImage/1495449034build.jpg?tr=w-305,h-145,c-force","BHUBANESWAR ENGINEERING COLLEGE - [BEC], BHUBANESWAR","BHUBANESWAR, ORISSA",7.5 / 10
"https://images.static-collegedunia.com/public/college_data/images/appImage/13241_CEB.jpg?tr=w-305,h-145,c-force","COLLEGE OF ENGINEERING - [COEB], BHUBANESWAR","BHUBANESWAR, ORISSA",6.6 / 10
"https://images.static-collegedunia.com/public/college_data/images/appImage/1560333290EntranceGateOfGCECampus.png?tr=w-305,h-145,c-force","GAYA COLLEGE OF ENGINEERING, GAYA","GAYA, BIHAR",7.1 / 10
"https://images.static-collegedunia.com/public/college_data/images/appImage/13597_GCOE.png?tr=w-305,h-145,c-force","GOVERNMENT COLLEGE OF ENGINEERING - [GCOEA], AMRAVATI","AMRAVATI, MAHARASHTRA",7.2 / 10
